scenario_id,split,information,action,path,flags,instruction_features,constraint_features,numeric_mentions,instruction
NLEB-CX-AT-004,dev,context,atomic,feasible/context/atomic/dev/NLEB-CX-AT-004.yaml,split_position_without_position_constraint,split_position,,,The hero shot needs to be split at the halfway mark — there's a natural cut point there.
NLEB-CX-AT-007,dev,context,atomic,feasible/context/atomic/dev/NLEB-CX-AT-007.yaml,time_mention_without_time_constraint;caption_or_title_time_coverage_candidate,caption_or_title;numeric;time,,6 dB;5s,Lower the background music by 6 dB — the dialogue needs room. Also add a subtitle caption at 5s saying 'Interview begins'.
NLEB-CX-AT-010,dev,context,atomic,feasible/context/atomic/dev/NLEB-CX-AT-010.yaml,time_mention_without_time_constraint;split_position_without_position_constraint,numeric;split_position;time,,2;0.8x,Create a new video track for the overlay layer. The B-roll footage on V2 needs to be split — cut the later overlay at the 2-second mark. And slow the hero shot to 0.8x for emphasis.
NLEB-CX-AT-014,test,context,atomic,feasible/context/atomic/test/NLEB-CX-AT-014.yaml,time_mention_without_time_constraint;caption_or_title_time_coverage_candidate,caption_or_title;time,,,The ending credits are missing — add a caption saying 'The End' at the end of the timeline.
NLEB-CX-AT-015,test,context,atomic,feasible/context/atomic/test/NLEB-CX-AT-015.yaml,time_mention_without_time_constraint;caption_or_title_time_coverage_candidate,caption_or_title;time,,,The title card at the beginning is outdated — remove the existing caption.
NLEB-CX-AT-036,test,context,atomic,feasible/context/atomic/test/NLEB-CX-AT-036.yaml,time_mention_without_time_constraint;split_position_without_position_constraint,numeric;split_position;time,,2,The outro segment is too long — split it at the 2-second mark. And add a saturation effect to the closing shot (intro clip).
NLEB-CX-AT-038,test,context,atomic,feasible/context/atomic/test/NLEB-CX-AT-038.yaml,time_mention_without_time_constraint;spatial_position_without_position_constraint;caption_or_title_time_coverage_candidate,caption_or_title;numeric;spatial_position;time,,0.9;20s,Outro: opacity 0.9. Add lower-third text 'Thanks for watching' at 20s.
NLEB-CX-AT-040,test,context,atomic,feasible/context/atomic/test/NLEB-CX-AT-040.yaml,time_mention_without_time_constraint;caption_or_title_time_coverage_candidate,caption_or_title;numeric;time,,3,The intro-to-middle cut needs a cross-dissolve transition. And add a scene title 'Part One' at the 3-second mark.
NLEB-CX-CO-001,dev,context,compound,feasible/context/compound/dev/NLEB-CX-CO-001.yaml,time_mention_without_time_constraint;caption_or_title_time_coverage_candidate,caption_or_title;numeric;time,preservation,1.15;0s,"The intro needs to pop: scale it to 1.15, add a contrast effect, and place a title card caption 'Welcome' at 0s."
NLEB-CX-CO-003,dev,context,compound,feasible/context/compound/dev/NLEB-CX-CO-003.yaml,time_mention_without_time_constraint;split_position_without_position_constraint,numeric;split_position;time,,5,The hero shot runs long — split it at the 5-second mark and add a saturation effect to the second half.
NLEB-CX-CO-005,dev,context,compound,feasible/context/compound/dev/NLEB-CX-CO-005.yaml,time_mention_without_time_constraint,numeric;time,,1;5s,"Import the new voiceover file 'narration.wav' into the project. Place a clip from it on audio track 1 starting at 5s, and link it with the intro shot."
NLEB-CX-CO-006,dev,context,compound,feasible/context/compound/dev/NLEB-CX-CO-006.yaml,time_mention_without_time_constraint;caption_or_title_time_coverage_candidate,caption_or_title;numeric;time,,10s;36,"Create a new caption track for lower thirds. Add a caption 'Interview: John Doe' on that track at 10s, then set its font size to 36."
NLEB-CX-CO-009,dev,context,compound,feasible/context/compound/dev/NLEB-CX-CO-009.yaml,time_mention_without_time_constraint;split_position_without_position_constraint;caption_or_title_time_coverage_candidate,caption_or_title;numeric;split_position;time,,3 seconds,The middle clip needs a scene break — split it at 3 seconds. Add a dissolve transition between the two halves. And put a chapter marker caption 'Part 2' at the split point.
NLEB-CX-CO-011,test,context,compound,feasible/context/compound/test/NLEB-CX-CO-011.yaml,time_mention_without_time_constraint;spatial_position_without_position_constraint;caption_or_title_time_coverage_candidate,caption_or_title;numeric;spatial_position;time,,1.1;2s,The intro: scale to 1.1 and add a lower-third caption 'Day 1' at 2s.
NLEB-CX-CO-014,test,context,compound,feasible/context/compound/test/NLEB-CX-CO-014.yaml,time_mention_without_time_constraint;split_position_without_position_constraint,numeric;split_position;time,,2 seconds;0.7x,The outro is too long — split it at 2 seconds and slow the second half to 0.7x for a dreamy ending.
NLEB-CX-CO-018,test,context,compound,feasible/context/compound/test/NLEB-CX-CO-018.yaml,time_mention_without_time_constraint;caption_or_title_time_coverage_candidate,caption_or_title;numeric;time,,25s,"Add a credits caption 'Directed by Jane' at 25s, and put a brightness effect on the outro clip."
NLEB-CX-CO-022,test,context,compound,feasible/context/compound/test/NLEB-CX-CO-022.yaml,time_mention_without_time_constraint,numeric;time,,2;10s;1;3 dB,"Add a new audio clip from media_2 at 10s on audio track 1. Link it with the middle video shot, and lower the BGM by 3 dB."
NLEB-CX-CO-025,test,context,compound,feasible/context/compound/test/NLEB-CX-CO-025.yaml,time_mention_without_time_constraint;split_position_without_position_constraint;caption_or_title_time_coverage_candidate,caption_or_title;numeric;split_position;time,,4,"Split the hero shot at the 4-second mark. Add a chapter title 'Act 2' at the split point, and put a saturation effect on the second half."
NLEB-CX-CO-026,test,context,compound,feasible/context/compound/test/NLEB-CX-CO-026.yaml,time_mention_without_time_constraint,numeric;time,,3;5s;1.1,"Create a new video track for picture-in-picture. Add a clip from media_3 on the new track at 5s, and scale the intro to 1.1."
NLEB-CX-CO-034,test,context,compound,feasible/context/compound/test/NLEB-CX-CO-034.yaml,time_mention_without_time_constraint;caption_or_title_time_coverage_candidate,caption_or_title;numeric;time,,0.9x;0s,"Create a new timeline for the rough cut version. On the first timeline, slow the intro to 0.9x and add a watermark caption 'DRAFT' at 0s."
NLEB-CX-CO-035,test,context,compound,feasible/context/compound/test/NLEB-CX-CO-035.yaml,time_mention_without_time_constraint;caption_or_title_time_coverage_candidate,caption_or_title;numeric;time,,0s;1.1,The old title caption is outdated — remove the first one. Add a fresh title 'Season 2 Premiere' at 0s. And boost the hero shot's scale to 1.1 for a more cinematic feel.
NLEB-CX-CO-036,test,context,compound,feasible/context/compound/test/NLEB-CX-CO-036.yaml,time_mention_without_time_constraint;split_position_without_position_constraint,numeric;split_position;time,,3 seconds;0.8x,Split the middle clip at 3 seconds for a scene break. Add a dissolve transition between the two halves. Put a saturation effect on the second half and slow the outro to 0.8x.
NLEB-CX-CO-037,test,context,compound,feasible/context/compound/test/NLEB-CX-CO-037.yaml,time_mention_without_time_constraint,numeric;time,,1.05;0s,The opening V1 clip: scale 1.05 and add a blur effect. Smooth the cut into the bridge with a wipe transition. And add a scene label 'Part 1' at 0s.
NLEB-CX-CO-038,test,context,compound,feasible/context/compound/test/NLEB-CX-CO-038.yaml,time_mention_without_time_constraint;caption_or_title_time_coverage_candidate,caption_or_title;numeric;time,,0.4;15s,The contrast effect on the hero shot is too intense — tone it down to 0.4 intensity. Remove the later B-roll overlay entirely. Add a subtitle 'Key Moment' at 15s.
NLEB-CX-CU-002,dev,context,cumulative,feasible/context/cumulative/dev/NLEB-CX-CU-002.yaml,time_mention_without_time_constraint;caption_or_title_time_coverage_candidate,caption_or_title;numeric;time,preservation,0s;48,Add a title card caption 'Welcome' at 0s for the opening. Set that caption's font size to 48. Keep it in place.
NLEB-CX-CU-004,dev,context,cumulative,feasible/context/cumulative/dev/NLEB-CX-CU-004.yaml,time_mention_without_time_constraint;split_position_without_position_constraint,numeric;split_position;time,preservation,0.85x;5;0.85x,Slow the hero shot to 0.85x. Now split the hero at the 5-second mark. Preserve the speed change on the first half. The second half should also keep the 0.85x speed.
NLEB-CX-CU-005,dev,context,cumulative,feasible/context/cumulative/dev/NLEB-CX-CU-005.yaml,time_mention_without_time_constraint;spatial_position_without_position_constraint;caption_or_title_time_coverage_candidate,caption_or_title;numeric;spatial_position;time,preservation,2s;5 dB,Put a contrast effect on the intro. Add a lower-third caption 'Day 1' at 2s. Now lower the BGM by 5 dB. Preserve the effect and caption.
NLEB-CX-CU-007,dev,context,cumulative,feasible/context/cumulative/dev/NLEB-CX-CU-007.yaml,time_mention_without_time_constraint,numeric;time,preservation,1;5s,Import the new voiceover 'narration.wav' into the project. Place a clip from it on audio track 1 at 5s. Link the new audio with the intro video. Keep the import and clip.
NLEB-CX-CU-008,dev,context,cumulative,feasible/context/cumulative/dev/NLEB-CX-CU-008.yaml,time_mention_without_time_constraint;caption_or_title_time_coverage_candidate,caption_or_title;numeric;time,preservation,3s,Create a new caption track for subtitles. Add a subtitle 'Scene 1' on it at 3s. Change the subtitle's color to yellow. Preserve the track and text.
NLEB-CX-CU-010,dev,context,cumulative,feasible/context/cumulative/dev/NLEB-CX-CU-010.yaml,time_mention_without_time_constraint;split_position_without_position_constraint;caption_or_title_time_coverage_candidate,caption_or_title;numeric;split_position;time,preservation,5 seconds,Split the hero shot at 5 seconds. Add a saturation effect to the second half. Keep the split. Add a chapter caption 'Part 2' at the split point. Preserve everything.
NLEB-CX-CU-013,test,context,cumulative,feasible/context/cumulative/test/NLEB-CX-CU-013.yaml,time_mention_without_time_constraint;caption_or_title_time_coverage_candidate,caption_or_title;numeric;time,preservation,25s;0.8x,Add a 'Credits' caption at 25s. Slow the outro to 0.8x. Keep the caption.
NLEB-CX-CU-017,test,context,cumulative,feasible/context/cumulative/test/NLEB-CX-CU-017.yaml,time_mention_without_time_constraint;caption_or_title_time_coverage_candidate,caption_or_title;numeric;time,,0s,Remove the outdated first caption. Add a fresh title 'Season Finale' at 0s.
NLEB-CX-CU-023,test,context,cumulative,feasible/context/cumulative/test/NLEB-CX-CU-023.yaml,time_mention_without_time_constraint,numeric;time,preservation,3;5s;3 dB,Create a new video track for overlays. Add a clip from media_3 on the new track at 5s. Keep the track. Lower the BGM by 3 dB. Preserve everything.
NLEB-CX-CU-027,test,context,cumulative,feasible/context/cumulative/test/NLEB-CX-CU-027.yaml,time_mention_without_time_constraint;spatial_position_without_position_constraint,numeric;spatial_position;time,preservation,3;2s;0.85x,Intro: rotation 3 degrees. Add a lower-third 'Day One' at 2s. Keep the rotation. Outro: speed 0.85x. Preserve everything.
NLEB-CX-CU-033,test,context,cumulative,feasible/context/cumulative/test/NLEB-CX-CU-033.yaml,time_mention_without_time_constraint;caption_or_title_time_coverage_candidate,caption_or_title;numeric;time,preservation,0.7;0.55;10s,Earlier B-roll: opacity 0.7. Later B-roll: opacity 0.55. Keep earlier change. Add a subtitle 'Overlay scene' at 10s. Preserve all.
NLEB-CX-CU-035,test,context,cumulative,feasible/context/cumulative/test/NLEB-CX-CU-035.yaml,time_mention_without_time_constraint;split_position_without_position_constraint,numeric;split_position;time,preservation,3 seconds;0.85x,Split the middle clip at 3 seconds. Add a saturation effect to the second half. Keep the split. Slow the outro to 0.85x. Preserve all.
NLEB-CX-CU-036,test,context,cumulative,feasible/context/cumulative/test/NLEB-CX-CU-036.yaml,time_mention_without_time_constraint;caption_or_title_time_coverage_candidate,caption_or_title;numeric;time,preservation,1.05;0s,Opening V1: scale 1.05. Opening V1: brightness effect. Keep scale. Add a wipe transition between the opening and bridge. Preserve all. Add a chapter title 'Introduction' at 0s. Keep everything.
NLEB-CX-CU-037,test,context,cumulative,feasible/context/cumulative/test/NLEB-CX-CU-037.yaml,time_mention_without_time_constraint;split_position_without_position_constraint,numeric;split_position;time,preservation,1.08;4 seconds;4 dB,Intro: scale 1.08. Split the middle clip at 4 seconds. Keep intro scale. Add a contrast effect to the second half of the split. Preserve all. Lower BGM by 4 dB. Keep everything.
NLEB-CX-DE-001,dev,context,dependent,feasible/context/dependent/dev/NLEB-CX-DE-001.yaml,time_mention_without_time_constraint;split_position_without_position_constraint,numeric;split_position;time,,3 seconds,The hero moment in the middle clip runs long. Split it at 3 seconds and add a dissolve transition between the two halves.
NLEB-CX-DE-002,dev,context,dependent,feasible/context/dependent/dev/NLEB-CX-DE-002.yaml,time_mention_without_time_constraint,numeric;time,,2;0s,We have new background music — import 'ambient.mp3' and place a clip from it on audio track 2 starting at 0s.
NLEB-CX-DE-004,dev,context,dependent,feasible/context/dependent/dev/NLEB-CX-DE-004.yaml,time_mention_without_time_constraint;caption_or_title_time_coverage_candidate,caption_or_title;numeric;time,,0s;48,The opening section needs a title card. Add a caption 'Welcome' at 0s. Make the title bigger — set its font size to 48.
NLEB-CX-DE-007,dev,context,dependent,feasible/context/dependent/dev/NLEB-CX-DE-007.yaml,time_mention_without_time_constraint,numeric;time,,2;5s,I need a picture-in-picture layer. Create a new video track. Now add a clip from media_2 on the new track starting at 5s.
NLEB-CX-DE-010,dev,context,dependent,feasible/context/dependent/dev/NLEB-CX-DE-010.yaml,time_mention_without_time_constraint;split_position_without_position_constraint,numeric;split_position;time,,5 seconds;0.75x,The hero shot has a natural cut point at 5 seconds — split it there. Add a saturation effect to the second half for a flashback look. Slow the second half to 0.75x to complete the effect.
NLEB-CX-DE-013,test,context,dependent,feasible/context/dependent/test/NLEB-CX-DE-013.yaml,time_mention_without_time_constraint;caption_or_title_time_coverage_candidate,caption_or_title;numeric;time,,25s,The closing section needs credits — add a caption 'Produced by Studio X' at 25s. Change its color to white.
NLEB-CX-DE-017,test,context,dependent,feasible/context/dependent/test/NLEB-CX-DE-017.yaml,time_mention_without_time_constraint;caption_or_title_time_coverage_candidate,caption_or_title;numeric;time,,10s,"Create a new caption track for lower thirds, and add a subtitle 'Interview: John' on it at 10s."
NLEB-CX-DE-022,test,context,dependent,feasible/context/dependent/test/NLEB-CX-DE-022.yaml,time_mention_without_time_constraint;split_position_without_position_constraint,numeric;split_position;time,,2 seconds,The outro has a bad first half — split it at 2 seconds and delete the first part.
NLEB-CX-DE-027,test,context,dependent,feasible/context/dependent/test/NLEB-CX-DE-027.yaml,time_mention_without_time_constraint;caption_or_title_time_coverage_candidate,caption_or_title;numeric;time,,0s,The title card text is wrong — remove the first caption. Add a new caption 'Episode 3: Arrival' at 0s to replace it.
NLEB-CX-DE-028,test,context,dependent,feasible/context/dependent/test/NLEB-CX-DE-028.yaml,time_mention_without_time_constraint,numeric;time,,3;10s;-8 dB,"Create a new audio track for sound effects. Add a clip from media_3 on the new track at 10s, and set its volume to -8 dB."
NLEB-CX-DE-034,test,context,dependent,feasible/context/dependent/test/NLEB-CX-DE-034.yaml,time_mention_without_time_constraint;split_position_without_position_constraint;caption_or_title_time_coverage_candidate,caption_or_title;numeric;split_position;time,,4,Split the middle clip at the 4-second mark and add a chapter title 'Act 2' at the split point.
NLEB-CX-DE-037,test,context,dependent,feasible/context/dependent/test/NLEB-CX-DE-037.yaml,time_mention_without_time_constraint,duration;numeric;time,duration,2;5s;1;1 second,Add a new audio clip from media_2 at 5s on audio track 1. Link it with the hero shot on V1. Extend the hero shot by 1 second so it covers the full audio.
NLEB-DI-AT-009,dev,diagnosis,atomic,feasible/diagnosis/atomic/dev/NLEB-DI-AT-009.yaml,spatial_position_without_position_constraint,spatial_position,preservation,,One of the audio clips is stuck fully on the left — can you center it?
NLEB-DI-AT-023,test,diagnosis,atomic,feasible/diagnosis/atomic/test/NLEB-DI-AT-023.yaml,spatial_position_without_position_constraint,spatial_position,preservation,,One of the audio clips is fully panned to the right — can you center it?
NLEB-DI-AT-034,test,diagnosis,atomic,feasible/diagnosis/atomic/test/NLEB-DI-AT-034.yaml,spatial_position_without_position_constraint,spatial_position,preservation,,The first audio clip is stuck fully on the left — can you center it? Now the BGM is way too quiet — bring it back to normal level.
NLEB-DI-AT-035,test,diagnosis,atomic,feasible/diagnosis/atomic/test/NLEB-DI-AT-035.yaml,duration_mention_without_duration_constraint,duration,preservation,,The first clip is running too fast — get it back to normal speed. Now kill that slide transition between the last two clips.
NLEB-DI-AT-038,test,diagnosis,atomic,feasible/diagnosis/atomic/test/NLEB-DI-AT-038.yaml,duration_mention_without_duration_constraint,duration;numeric,preservation,1;1,"On timeline 1, the first clip has gone invisible — restore its opacity first. Now the last clip on timeline 1 looks blurry — clean that up."
NLEB-DI-CO-032,test,diagnosis,compound,feasible/diagnosis/compound/test/NLEB-DI-CO-032.yaml,spatial_position_without_position_constraint,spatial_position,preservation,,Every audio clip is panned off-center — each pushed to a different side — center all of them.
NLEB-DI-CU-002,dev,diagnosis,cumulative,feasible/diagnosis/cumulative/dev/NLEB-DI-CU-002.yaml,duration_mention_without_duration_constraint,duration;numeric,preservation,1.1;5,The third clip is completely invisible — can you bring it back? Now scale the last video clip up to 1.1. And rotate the shortest video clip by 5 degrees — keep the opacity fix from the first turn.
NLEB-DI-CU-007,dev,diagnosis,cumulative,feasible/diagnosis/cumulative/dev/NLEB-DI-CU-007.yaml,spatial_position_without_position_constraint,numeric;spatial_position,preservation,2 dB,The first audio clip is stuck fully on the left — can you center it? Now boost the longest audio clip by 2 dB — don't undo the pan fix.
NLEB-DI-CU-025,test,diagnosis,cumulative,feasible/diagnosis/cumulative/test/NLEB-DI-CU-025.yaml,spatial_position_without_position_constraint,numeric;spatial_position,preservation,2 dB,The first audio clip is stuck fully on the left — can you center it? Now boost the BGM by 2 dB. And keep the pan fix from earlier intact.
NLEB-DI-CU-030,test,diagnosis,cumulative,feasible/diagnosis/cumulative/test/NLEB-DI-CU-030.yaml,duration_mention_without_duration_constraint,duration;numeric,preservation,3 dB,A V2 clip is upside down — can you flip it back? Now lower the BGM by 3 dB. And add a blur effect to the last V1 clip — keep everything from before.
NLEB-DI-DE-008,dev,diagnosis,dependent,feasible/diagnosis/dependent/dev/NLEB-DI-DE-008.yaml,spatial_position_without_position_constraint,numeric;spatial_position,preservation,3 dB,"The first audio clip is stuck fully on the left — center it, then boost its volume by 3 dB."
NLEB-DI-DE-014,test,diagnosis,dependent,feasible/diagnosis/dependent/test/NLEB-DI-DE-014.yaml,spatial_position_without_position_constraint,numeric;spatial_position,preservation,3 dB,"The BGM is fully panned to the right — center it, then drop its volume by 3 dB."
NLEB-DI-DE-025,test,diagnosis,dependent,feasible/diagnosis/dependent/test/NLEB-DI-DE-025.yaml,split_position_without_position_constraint,split_position,,,"The first audio clip is blown out loud — bring the volume back to normal, then split it at its midpoint to isolate the problem section."
NLEB-DI-DE-028,test,diagnosis,dependent,feasible/diagnosis/dependent/test/NLEB-DI-DE-028.yaml,spatial_position_without_position_constraint,numeric;spatial_position,preservation,-6 dB,"The second audio clip is panned hard left and too loud — center the pan first, then set its volume to -6 dB."
NLEB-DI-DE-035,test,diagnosis,dependent,feasible/diagnosis/dependent/test/NLEB-DI-DE-035.yaml,spatial_position_without_position_constraint,spatial_position,,,"The BGM is blown out loud and hard-panned left — bring the volume back to normal and center the pan, then add a fade-in and fade-out."
NLEB-DI-DE-039,test,diagnosis,dependent,feasible/diagnosis/dependent/test/NLEB-DI-DE-039.yaml,duration_mention_without_duration_constraint,duration;numeric,,3 dB,"The last V1 clip is upside down and squeezed narrow — flip it back and restore its width, then add a saturation effect, and finally boost its matching audio clip by 3 dB."
NLEB-EX-AT-002,dev,explicit,atomic,feasible/explicit/atomic/dev/NLEB-EX-AT-002.yaml,time_mention_without_time_constraint,numeric;time,,1;00;00;25;00,Add a new clip from av_media_1 onto track V1 starting at 00:00:25:00.
NLEB-EX-AT-005,dev,explicit,atomic,feasible/explicit/atomic/dev/NLEB-EX-AT-005.yaml,time_mention_without_time_constraint;caption_or_title_time_coverage_candidate,caption_or_title;numeric;time,,00;00;05;00,Add a caption with text 'Hello World' at 00:00:05:00.
NLEB-EX-AT-007,dev,explicit,atomic,feasible/explicit/atomic/dev/NLEB-EX-AT-007.yaml,time_mention_without_time_constraint;split_position_without_position_constraint,numeric;split_position;time,,2;00;00;03;00,Split video_clip_2 at 00:00:03:00. Add a new video track named V3.
NLEB-EX-AT-009,dev,explicit,atomic,feasible/explicit/atomic/dev/NLEB-EX-AT-009.yaml,duration_mention_without_duration_constraint,duration;numeric,preservation,1;2;1.0s;3;0.7,Add a cross-dissolve transition between video_clip_1 and video_clip_2 with duration 1.0s. Set video_clip_3 opacity to 0.7.
NLEB-EX-AT-016,test,explicit,atomic,feasible/explicit/atomic/test/NLEB-EX-AT-016.yaml,time_mention_without_time_constraint,numeric;time,,2;00;00;15;00,Add a new clip from av_media_2 onto track V2 at 00:00:15:00.
NLEB-EX-AT-018,test,explicit,atomic,feasible/explicit/atomic/test/NLEB-EX-AT-018.yaml,time_mention_without_time_constraint;split_position_without_position_constraint,numeric;split_position;time,,1;00;00;02;00,Split video_clip_1 at the 00:00:02:00 mark.
NLEB-EX-AT-019,test,explicit,atomic,feasible/explicit/atomic/test/NLEB-EX-AT-019.yaml,time_mention_without_time_constraint;split_position_without_position_constraint,numeric;split_position;time,,3;00;00;04;00,Split video_clip_3 at 00:00:04:00.
NLEB-EX-AT-023,test,explicit,atomic,feasible/explicit/atomic/test/NLEB-EX-AT-023.yaml,time_mention_without_time_constraint;duration_mention_without_duration_constraint;caption_or_title_time_coverage_candidate,caption_or_title;duration;numeric;time,,00;00;08;00;3 seconds,Add a caption 'Scene 2' at 00:00:08:00 with duration 3 seconds.
NLEB-EX-AT-032,test,explicit,atomic,feasible/explicit/atomic/test/NLEB-EX-AT-032.yaml,time_mention_without_time_constraint,numeric;time,,00;00;00;00,Import /assets/music.mp3 as media. Add a clip from it onto A2 at 00:00:00:00.
NLEB-EX-AT-036,test,explicit,atomic,feasible/explicit/atomic/test/NLEB-EX-AT-036.yaml,time_mention_without_time_constraint;caption_or_title_time_coverage_candidate,caption_or_title;numeric;time,,2;00;00;06;00,Unlink video_clip_2 from its linked audio. Add a caption 'Chapter 2' at 00:00:06:00.
NLEB-EX-AT-040,test,explicit,atomic,feasible/explicit/atomic/test/NLEB-EX-AT-040.yaml,time_mention_without_time_constraint;split_position_without_position_constraint,numeric;split_position;time,preservation,4;3;00;00;05;00;1;0.9,Add a contrast effect to video_clip_4. Split video_clip_3 at 00:00:05:00. Set video_clip_1 opacity to 0.9.
NLEB-EX-CO-002,dev,explicit,compound,feasible/explicit/compound/dev/NLEB-EX-CO-002.yaml,time_mention_without_time_constraint;caption_or_title_time_coverage_candidate,caption_or_title;numeric;time,preservation,0.0s;1;2,"Add a caption with text 'Chapter 1' at position 0.0s on video_track_1, and add a fade-in effect to video_clip_2."
NLEB-EX-CO-005,dev,explicit,compound,feasible/explicit/compound/dev/NLEB-EX-CO-005.yaml,time_mention_without_time_constraint;split_position_without_position_constraint,numeric;split_position;time,duration,3;2.5s,"video_clip_3: split at 2.5s, add brightness effect to the first part."
NLEB-EX-CO-006,dev,explicit,compound,feasible/explicit/compound/dev/NLEB-EX-CO-006.yaml,time_mention_without_time_constraint;duration_mention_without_duration_constraint,duration;numeric;time,,2;0.0s;3.0s,Create a new video track called 'overlay_track' and add a clip from av_media_2 at position 0.0s with duration 3.0s on it.
NLEB-EX-CO-010,dev,explicit,compound,feasible/explicit/compound/dev/NLEB-EX-CO-010.yaml,duration_mention_without_duration_constraint,duration;numeric,preservation,1;2;1.0s;2;0.95,"Add a cross-dissolve transition between vc_1 and vc_2 with duration 1.0s, and set vc_2 opacity to 0.95."
NLEB-EX-CO-012,test,explicit,compound,feasible/explicit/compound/test/NLEB-EX-CO-012.yaml,time_mention_without_time_constraint;caption_or_title_time_coverage_candidate,caption_or_title;numeric;time,,1;5.0s,Remove caption_1 and add a new caption with text 'Scene 2' at position 5.0s.
NLEB-EX-CO-015,test,explicit,compound,feasible/explicit/compound/test/NLEB-EX-CO-015.yaml,time_mention_without_time_constraint;duration_mention_without_duration_constraint,duration;numeric;time,,2;3;2.0s;4.0s;1,Remove video_clip_2 and add a new clip from av_media_3 at position 2.0s with duration 4.0s on video_track_1.
NLEB-EX-CO-023,test,explicit,compound,feasible/explicit/compound/test/NLEB-EX-CO-023.yaml,time_mention_without_time_constraint;duration_mention_without_duration_constraint,duration;numeric;time,,2;1.0s;2.0s,"Add a new audio track called 'sfx_track', add a clip from av_media_2 at 1.0s with duration 2.0s on it, and add a fade-in effect to that new clip."
NLEB-EX-CO-024,test,explicit,compound,feasible/explicit/compound/test/NLEB-EX-CO-024.yaml,time_mention_without_time_constraint;split_position_without_position_constraint,numeric;split_position;time,,2;3.0s;0.8,"Split vc_2 at 3.0s, set the first annotator_b's opacity to 0.8, and add a cross-dissolve transition between the two resulting parts."
NLEB-EX-CO-025,test,explicit,compound,feasible/explicit/compound/test/NLEB-EX-CO-025.yaml,time_mention_without_time_constraint;duration_mention_without_duration_constraint,duration;numeric;time,,2;4;1;3.0s;5.0s;1,"Remove video_clip_2 and video_clip_4, then add a new clip from av_media_1 at position 3.0s with duration 5.0s on video_track_1."
NLEB-EX-CO-028,test,explicit,compound,feasible/explicit/compound/test/NLEB-EX-CO-028.yaml,time_mention_without_time_constraint;caption_or_title_time_coverage_candidate,caption_or_title;numeric;time,preservation,0.0s;1;0.8;3;0.9,"Add a caption 'Title Card' at 0.0s, set video_clip_1 opacity to 0.8, and set video_clip_3 scale to 0.9."
NLEB-EX-CO-029,test,explicit,compound,feasible/explicit/compound/test/NLEB-EX-CO-029.yaml,time_mention_without_time_constraint;duration_mention_without_duration_constraint,duration;numeric;time,,1.0s;2.0s;1,"Import 'overlay.png' as new media, add a clip from it at 1.0s with duration 2.0s on video_track_1, and add a fade-out effect to the new clip."
NLEB-EX-CO-030,test,explicit,compound,feasible/explicit/compound/test/NLEB-EX-CO-030.yaml,time_mention_without_time_constraint;duration_mention_without_duration_constraint,duration;numeric;time,,2;1;0.0s;10.0s,"Remove audio_track_2, create a new audio track called 'voiceover', and add a clip from av_media_1 at 0.0s with duration 10.0s on it."
NLEB-EX-CO-032,test,explicit,compound,feasible/explicit/compound/test/NLEB-EX-CO-032.yaml,duration_mention_without_duration_constraint,duration;numeric,preservation,1;2;1.2s;2;2;0.95,"Add a cross-dissolve transition between vc_1 and vc_2 lasting 1.2s, add a saturation effect to vc_2, and set vc_2 scale to 0.95."
NLEB-EX-CO-035,test,explicit,compound,feasible/explicit/compound/test/NLEB-EX-CO-035.yaml,time_mention_without_time_constraint;split_position_without_position_constraint,numeric;split_position;time,,5;4.0s;0.7,Split video_clip_5 at 4.0s. Add a blur effect to the first part. Add a cross-dissolve transition between the two resulting segments. Set the second segment's opacity to 0.7.
NLEB-EX-CO-036,test,explicit,compound,feasible/explicit/compound/test/NLEB-EX-CO-036.yaml,time_mention_without_time_constraint;duration_mention_without_duration_constraint;caption_or_title_time_coverage_candidate,caption_or_title;duration;numeric;time,,0.0s;5.0s;0.5s,Import 'title_bg.mp4' as media. Create a new video track called 'title_track'. Add a clip from the imported media at 0.0s with duration 5.0s. Add a caption 'Welcome' at 0.5s. Add a fade-in effect to the new clip.
NLEB-EX-CO-037,test,explicit,compound,feasible/explicit/compound/test/NLEB-EX-CO-037.yaml,time_mention_without_time_constraint;duration_mention_without_duration_constraint,duration;numeric;time,,2;2;2;2;1;2.0s;3.0s;1;4,Unlink video_clip_2 from audio_clip_2. Remove video_clip_2. Remove audio_clip_2. Add a new video clip from av_media_1 at 2.0s with duration 3.0s on video_track_1. Link the new clip with audio_clip_4.
NLEB-EX-CO-038,test,explicit,compound,feasible/explicit/compound/test/NLEB-EX-CO-038.yaml,time_mention_without_time_constraint;duration_mention_without_duration_constraint,duration;numeric;time,,5.0s;8.0s;1;5.0s,"Create a bin called 'Assets', import 'interview.mp4', add a clip from it at 5.0s with duration 8.0s on video_track_1, add a brightness effect to the clip, set the clip's scale to 0.9, and add a caption 'Interview' at 5.0s."
NLEB-EX-CO-039,test,explicit,compound,feasible/explicit/compound/test/NLEB-EX-CO-039.yaml,time_mention_without_time_constraint;duration_mention_without_duration_constraint;caption_or_title_time_coverage_candidate,caption_or_title;duration;numeric;time,preservation,1;2;1.5s;2;12;1;0s,"Remove the transition between vc_1 and vc_2 and add a wipe transition with duration 1.5s between them. Set vc_2 rotation to 12 degrees, add a contrast effect to vc_1, and add a caption 'Opening' at 0s."
NLEB-EX-CO-040,test,explicit,compound,feasible/explicit/compound/test/NLEB-EX-CO-040.yaml,time_mention_without_time_constraint;duration_mention_without_duration_constraint,duration;numeric;time,,0.0s;3.0s;3.0s;4.0s;1;0.5s,"Create a video track 'composite', add a clip from bin_media at 0.0s for 3.0s, and add another clip from bin_media at 3.0s for 4.0s on it. Link the first new clip with ac_1, add a cross-dissolve transition between the two new clips with duration 0.5s, and add a blur effect to the second new clip."
NLEB-EX-CU-001,dev,explicit,cumulative,feasible/explicit/cumulative/dev/NLEB-EX-CU-001.yaml,time_mention_without_time_constraint;caption_or_title_time_coverage_candidate,caption_or_title;duration;numeric;time,duration;preservation,0s;3 seconds;32;0s,Add a caption 'Intro' at timeline 0s with duration 3 seconds. Change the caption text to 'Introduction' and set font size to 32. Keep it at 0s.
NLEB-EX-CU-003,dev,explicit,cumulative,feasible/explicit/cumulative/dev/NLEB-EX-CU-003.yaml,time_mention_without_time_constraint;split_position_without_position_constraint,numeric;split_position;time,preservation,2;3;1.5x,Split video_clip_2 at the 3-second mark. Set the first half's speed to 1.5x. Keep the split intact. Add a saturation effect to the second half. Preserve the speed change.
NLEB-EX-CU-004,dev,explicit,cumulative,feasible/explicit/cumulative/dev/NLEB-EX-CU-004.yaml,time_mention_without_time_constraint,numeric;time,preservation,1;0s,Create a new video track above the existing ones. Add a clip from av_media_1 on the new track at 0s. Keep the track.
NLEB-EX-CU-010,dev,explicit,cumulative,feasible/explicit/cumulative/dev/NLEB-EX-CU-010.yaml,time_mention_without_time_constraint;caption_or_title_time_coverage_candidate,caption_or_title;duration;numeric;time,duration;preservation,5s;3 seconds;48;2;0.5x,Add a caption 'Breaking' at 5s with duration 3 seconds. Set the caption's font size to 48 for emphasis. Keep the caption. Slow video_clip_2 to 0.5x to match the dramatic moment. Preserve everything.
NLEB-EX-CU-011,test,explicit,cumulative,feasible/explicit/cumulative/test/NLEB-EX-CU-011.yaml,time_mention_without_time_constraint;caption_or_title_time_coverage_candidate,caption_or_title;numeric;time,preservation,0s,Add a caption 'Scene 1' at 0s. Set its color to yellow. Keep the text.
NLEB-EX-CU-018,test,explicit,cumulative,feasible/explicit/cumulative/test/NLEB-EX-CU-018.yaml,spatial_position_without_position_constraint,caption_or_title;numeric;spatial_position,preservation,1,Remove caption_1. Add a new caption 'Updated Title' at the same position. Keep the removal.
NLEB-EX-CU-020,test,explicit,cumulative,feasible/explicit/cumulative/test/NLEB-EX-CU-020.yaml,time_mention_without_time_constraint;split_position_without_position_constraint,numeric;split_position;time,preservation,3;4 seconds,Split video_clip_3 at 4 seconds. Add a contrast effect to the first half. Preserve the split.
NLEB-EX-CU-021,test,explicit,cumulative,feasible/explicit/cumulative/test/NLEB-EX-CU-021.yaml,time_mention_without_time_constraint;spatial_position_without_position_constraint,numeric;spatial_position;time,preservation,0s;0.25,Import 'logo.png' as media. Add it as a clip at 0s on the top video track. Scale it to 0.25 for a watermark. Keep the import and placement.
NLEB-EX-CU-022,test,explicit,cumulative,feasible/explicit/cumulative/test/NLEB-EX-CU-022.yaml,time_mention_without_time_constraint,numeric;time,,2;2s,Create a new video track. Add a clip from av_media_2 on the new track at 2s. Keep the track. Apply a blur effect to the new clip. Preserve everything.
NLEB-EX-CU-023,test,explicit,cumulative,feasible/explicit/cumulative/test/NLEB-EX-CU-023.yaml,time_mention_without_time_constraint;caption_or_title_time_coverage_candidate,caption_or_title;numeric;time,preservation,30s;48,Add a caption 'Chapter 2' at 30s. Set font size to 48 and color to white. Apply a fade-in effect to the caption. Preserve all changes.
NLEB-EX-CU-027,test,explicit,cumulative,feasible/explicit/cumulative/test/NLEB-EX-CU-027.yaml,split_position_without_position_constraint,numeric;split_position,preservation,3,Split video_clip_3 at the midpoint. Add a cross-dissolve transition between the two halves. Keep the split.
NLEB-EX-CU-031,test,explicit,cumulative,feasible/explicit/cumulative/test/NLEB-EX-CU-031.yaml,spatial_position_without_position_constraint,caption_or_title;numeric;spatial_position,preservation,3;3;3;3,Unlink video_clip_3 from audio_clip_3. Remove video_clip_3. Keep the unlink intact. Add a caption 'Cut here' at the position where video_clip_3 was. Preserve prior.
NLEB-EX-CU-032,test,explicit,cumulative,feasible/explicit/cumulative/test/NLEB-EX-CU-032.yaml,time_mention_without_time_constraint,numeric;time,preservation,0s;1,Import 'narration.wav' as media. Add it as an audio clip at 0s. Link the new audio with video_clip_1. Keep all prior.
NLEB-EX-CU-036,test,explicit,cumulative,feasible/explicit/cumulative/test/NLEB-EX-CU-036.yaml,time_mention_without_time_constraint;caption_or_title_time_coverage_candidate,caption_or_title;numeric;time,preservation,15s;2;1.5x;1;2,Add a caption 'Act II' at 15s. Apply a fade-in effect to the caption. Keep the caption. Speed video_clip_2 to 1.5x. Preserve the caption and effect. Add a cross-dissolve between video_clip_1 and video_clip_2. Preserve everything.
NLEB-EX-CU-038,test,explicit,cumulative,feasible/explicit/cumulative/test/NLEB-EX-CU-038.yaml,time_mention_without_time_constraint;split_position_without_position_constraint,numeric;split_position;time,preservation,1;3 seconds;0.75x,Split video_clip_1 at 3 seconds. Add a blur effect to the second half. Keep the split. Add a cross-dissolve transition between the two halves. Preserve the effect. Slow the second half to 0.75x. Preserve everything.
NLEB-EX-CU-039,test,explicit,cumulative,feasible/explicit/cumulative/test/NLEB-EX-CU-039.yaml,time_mention_without_time_constraint,numeric;time,preservation,10s;3,Create a new audio track named 'SFX'. Import 'explosion.wav' as media. Keep the track. Add the imported audio as a clip at 10s on the SFX track. Preserve all. Link the SFX clip with video_clip_3. Keep everything intact.
NLEB-EX-CU-040,test,explicit,cumulative,feasible/explicit/cumulative/test/NLEB-EX-CU-040.yaml,time_mention_without_time_constraint;split_position_without_position_constraint,numeric;split_position;time,preservation,2;2;2;3 seconds;2,Unlink vc_2 from ac_2. Split vc_2 at 3 seconds. Keep the unlink. Remove the first half. Preserve the split's second piece. Add a saturation effect to the remaining half and re-link it with ac_2. Preserve all.
NLEB-EX-DE-002,dev,explicit,dependent,feasible/explicit/dependent/dev/NLEB-EX-DE-002.yaml,time_mention_without_time_constraint;split_position_without_position_constraint,numeric;split_position;time,,2;3;0.5x,Split video_clip_2 at the 3-second mark and slow the second half to 0.5x.
NLEB-EX-DE-005,dev,explicit,dependent,feasible/explicit/dependent/dev/NLEB-EX-DE-005.yaml,time_mention_without_time_constraint;caption_or_title_time_coverage_candidate,caption_or_title;numeric;time,,0s;48,Add a caption saying 'Chapter 1' at timeline 0s. Change its font size to 48 and color to white.
NLEB-EX-DE-009,dev,explicit,dependent,feasible/explicit/dependent/dev/NLEB-EX-DE-009.yaml,time_mention_without_time_constraint,duration;numeric;time,duration;preservation,2;5s;1;2;2;1 second,Add a new audio clip from av_media_2 starting at 5s on audio track 1. Link the new audio clip with video_clip_2. Extend video_clip_2 by 1 second so it covers the full audio.
NLEB-EX-DE-010,dev,explicit,dependent,feasible/explicit/dependent/dev/NLEB-EX-DE-010.yaml,split_position_without_position_constraint,numeric;split_position,,3,Split video_clip_3 at the midpoint. Add a saturation effect to the second half. Insert a cross-dissolve transition between the two halves.
NLEB-EX-DE-011,test,explicit,dependent,feasible/explicit/dependent/test/NLEB-EX-DE-011.yaml,time_mention_without_time_constraint,numeric;time,,0s;1,Import 'overlay.png' as media and add it as a clip at 0s on video track 1.
NLEB-EX-DE-012,test,explicit,dependent,feasible/explicit/dependent/test/NLEB-EX-DE-012.yaml,time_mention_without_time_constraint;split_position_without_position_constraint,numeric;split_position;time,,1;2,Split video_clip_1 at the 2-second mark and delete the first half.
NLEB-EX-DE-013,test,explicit,dependent,feasible/explicit/dependent/test/NLEB-EX-DE-013.yaml,time_mention_without_time_constraint;caption_or_title_time_coverage_candidate,caption_or_title;numeric;time,,10s;48,Add a caption 'Breaking News' at 10s and set its font size to 48 with a red color for emphasis.
NLEB-EX-DE-015,test,explicit,dependent,feasible/explicit/dependent/test/NLEB-EX-DE-015.yaml,time_mention_without_time_constraint;caption_or_title_time_coverage_candidate,caption_or_title;numeric;time,,5s,Create a new caption track and place a subtitle 'Scene 2' on it at 5s.
NLEB-EX-DE-019,test,explicit,dependent,feasible/explicit/dependent/test/NLEB-EX-DE-019.yaml,spatial_position_without_position_constraint,caption_or_title;numeric;spatial_position,,1,Remove caption_1 and add a replacement caption 'Revised Title' at the same position.
NLEB-EX-DE-021,test,explicit,dependent,feasible/explicit/dependent/test/NLEB-EX-DE-021.yaml,time_mention_without_time_constraint;split_position_without_position_constraint,numeric;split_position;time,,2;4 seconds;1.5x;0.75x,Split video_clip_2 at 4 seconds. Speed up the first half to 1.5x and slow the second half to 0.75x.
NLEB-EX-DE-022,test,explicit,dependent,feasible/explicit/dependent/test/NLEB-EX-DE-022.yaml,time_mention_without_time_constraint,numeric;time,,0s;0.3,Import 'logo.png' as new media. Add it as a clip at 0s and scale it to 0.3 for a watermark.
NLEB-EX-DE-023,test,explicit,dependent,feasible/explicit/dependent/test/NLEB-EX-DE-023.yaml,time_mention_without_time_constraint;caption_or_title_time_coverage_candidate,caption_or_title;numeric;time,,0s;36,"Add a caption 'Interview' at 0s. Set its font to bold, size 36, then apply a fade-in effect to it."
NLEB-EX-DE-032,test,explicit,dependent,feasible/explicit/dependent/test/NLEB-EX-DE-032.yaml,time_mention_without_time_constraint;split_position_without_position_constraint,numeric;split_position;time,,5;3,Split video_clip_5 at the 3-second mark. Add a cross-dissolve transition between the two resulting halves.
NLEB-EX-DE-033,test,explicit,dependent,feasible/explicit/dependent/test/NLEB-EX-DE-033.yaml,time_mention_without_time_constraint,numeric;time,,3;1;0.6,Add a 3-second clip from av_media_1 at the start of the timeline. Apply a blur effect to it and set its opacity to 0.6 as a background.
NLEB-EX-DE-038,test,explicit,dependent,feasible/explicit/dependent/test/NLEB-EX-DE-038.yaml,time_mention_without_time_constraint;split_position_without_position_constraint,numeric;split_position;time,,1;1;1;3 seconds;1,Unlink video_clip_1 from audio_clip_1. Split video_clip_1 at 3 seconds and delete the first half. Re-link the remaining half with audio_clip_1.
NLEB-EX-DE-039,test,explicit,dependent,feasible/explicit/dependent/test/NLEB-EX-DE-039.yaml,time_mention_without_time_constraint;caption_or_title_time_coverage_candidate,caption_or_title;numeric;time,,1;0s,Create a new video track. Add a title card clip from av_media_1 on it at 0s. Add a caption 'Episode 1' over the title card and link them.
NLEB-ST-AT-003,dev,state,atomic,feasible/state/atomic/dev/NLEB-ST-AT-003.yaml,split_position_without_position_constraint,split_position,preservation,,Split the longest video clip on the timeline at its midpoint.
NLEB-ST-AT-009,dev,state,atomic,feasible/state/atomic/dev/NLEB-ST-AT-009.yaml,split_position_without_position_constraint,caption_or_title;numeric;split_position,,3 dB,Split the longest video clip on V1 at its midpoint. Remove the shorter caption from the timeline. Lower the BGM volume by 3 dB.
NLEB-ST-AT-013,test,state,atomic,feasible/state/atomic/test/NLEB-ST-AT-013.yaml,duration_mention_without_duration_constraint,duration,preservation,,Add a blur effect to the last video clip on the main video track.
NLEB-ST-AT-014,test,state,atomic,feasible/state/atomic/test/NLEB-ST-AT-014.yaml,split_position_without_position_constraint,numeric;split_position,,1,Split the shortest audio clip on track 1 at its midpoint.
NLEB-ST-AT-015,test,state,atomic,feasible/state/atomic/test/NLEB-ST-AT-015.yaml,duration_mention_without_duration_constraint,duration,,,Remove the video clip that starts last on the timeline.
NLEB-ST-AT-020,test,state,atomic,feasible/state/atomic/test/NLEB-ST-AT-020.yaml,time_mention_without_time_constraint,time,,,Unlink the video clip and audio clip that are linked together at the start of the timeline.
NLEB-ST-AT-027,test,state,atomic,feasible/state/atomic/test/NLEB-ST-AT-027.yaml,split_position_without_position_constraint,numeric;split_position,,3;1,Set the longest video's rotation to 3 degrees. Split the shortest audio clip on track 1 at its midpoint.
NLEB-ST-AT-029,test,state,atomic,feasible/state/atomic/test/NLEB-ST-AT-029.yaml,time_mention_without_time_constraint;caption_or_title_time_coverage_candidate,caption_or_title;time,,,Add a caption 'Highlight' at the start time of the longest video clip. Mute the background music audio clip.
NLEB-ST-AT-031,test,state,atomic,feasible/state/atomic/test/NLEB-ST-AT-031.yaml,time_mention_without_time_constraint,duration;numeric;time,duration,2 seconds;4 dB,Set the duration of the transition closest to the start of the timeline to 2 seconds. Lower the volume of the second audio clip by 4 dB.
NLEB-ST-AT-033,test,state,atomic,feasible/state/atomic/test/NLEB-ST-AT-033.yaml,time_mention_without_time_constraint,numeric;time,,0.8x,Unlink the video and audio clips that are linked at the end of the timeline. Set the longest video clip's speed to 0.8x.
NLEB-ST-AT-035,test,state,atomic,feasible/state/atomic/test/NLEB-ST-AT-035.yaml,time_mention_without_time_constraint;duration_mention_without_duration_constraint,duration;numeric;time,,2;3 dB,Remove the transition nearest the end of the timeline. Add a 2-second black clip after the last video clip on V1. Lower the second audio clip's volume by 3 dB.
NLEB-ST-AT-036,test,state,atomic,feasible/state/atomic/test/NLEB-ST-AT-036.yaml,spatial_position_without_position_constraint,caption_or_title;spatial_position,,,Import a media file called 'outro.mp4' into the bin. Add a caption 'Credits' at the timeline position where the longest V1 clip ends. Remove the shortest caption currently on the timeline.
NLEB-ST-CO-002,dev,state,compound,feasible/state/compound/dev/NLEB-ST-CO-002.yaml,split_position_without_position_constraint,split_position,,,Split the shortest video clip at its midpoint and add a blur effect to the first half.
NLEB-ST-CO-010,dev,state,compound,feasible/state/compound/dev/NLEB-ST-CO-010.yaml,duration_mention_without_duration_constraint,duration,preservation,,"On the last clip on the timeline, remove any existing blur effect and add a brightness effect instead."
NLEB-ST-CO-012,test,state,compound,feasible/state/compound/test/NLEB-ST-CO-012.yaml,time_mention_without_time_constraint;split_position_without_position_constraint,numeric;split_position;time,,10,Split the longest audio clip at the 10-second mark and mute the second half.
NLEB-ST-CO-023,test,state,compound,feasible/state/compound/test/NLEB-ST-CO-023.yaml,split_position_without_position_constraint,split_position,,,Split the longest video at its midpoint and add a fade-out to the first half. Add a cross-dissolve transition between the two resulting halves.
NLEB-ST-CO-024,test,state,compound,feasible/state/compound/test/NLEB-ST-CO-024.yaml,spatial_position_without_position_constraint,caption_or_title;numeric;spatial_position,,0.9x;0.85,Remove the shortest caption and add a new caption 'Updated' at the same position. Set the longest V1 clip's speed to 0.9x and opacity to 0.85.
NLEB-ST-CO-025,test,state,compound,feasible/state/compound/test/NLEB-ST-CO-025.yaml,duration_mention_without_duration_constraint,duration;numeric,preservation;spatial_position,20;-10,"On the first video on the timeline, set x to 20 and add a contrast effect. On the last video, set y to -10 and add a brightness effect."
NLEB-ST-CO-034,test,state,compound,feasible/state/compound/test/NLEB-ST-CO-034.yaml,time_mention_without_time_constraint;duration_mention_without_duration_constraint;caption_or_title_time_coverage_candidate,caption_or_title;duration;numeric;time,,2 seconds;2 seconds,Add a caption 'Intro' at the start of the first video clip and set it to 2 seconds long. Add a caption 'Outro' at the start of the last video clip and set it to 2 seconds long.
NLEB-ST-CO-036,test,state,compound,feasible/state/compound/test/NLEB-ST-CO-036.yaml,split_position_without_position_constraint,caption_or_title;numeric;split_position,,-5 dB,"Split the longest video at its midpoint and add transitions between the halves. On the BGM, set volume to -5 dB and add a fade-in effect. Add a caption 'Part 1' over the first half and 'Part 2' over the second half."
NLEB-ST-CO-037,test,state,compound,feasible/state/compound/test/NLEB-ST-CO-037.yaml,duration_mention_without_duration_constraint,duration;numeric,,0.95;0.95;1.3,"On the first V1 clip, add a fade-in and set opacity 0.95. On the last V1 clip, add a fade-out and set opacity 0.95. Remove the longer V2 clip and update the remaining V2 clip's scale to 1.3."
NLEB-ST-CU-003,dev,state,cumulative,feasible/state/cumulative/dev/NLEB-ST-CU-003.yaml,split_position_without_position_constraint,numeric;split_position,preservation,1;1.5x,"On timeline 1, mute the audio clip that starts earliest. Now increase the playback speed of the video clip that ends latest to 1.5x. Preserve the mute. Split the longest video clip at its midpoint, keeping the earlier two changes intact. Finally, add a fade-in to the first half of the split. Don't undo anything from before."
NLEB-ST-CU-006,dev,state,cumulative,feasible/state/cumulative/dev/NLEB-ST-CU-006.yaml,duration_mention_without_duration_constraint,duration,,,Link the first video clip with the audio clip that plays at the same time. Then add a blur effect to the last video clip on V1. Also mute the audio clip that starts at the same time as the first video clip.
NLEB-ST-CU-011,test,state,cumulative,feasible/state/cumulative/test/NLEB-ST-CU-011.yaml,duration_mention_without_duration_constraint,duration;numeric,preservation,3 dB,Add a contrast effect to the last video clip on V1. Boost the volume of the audio that plays at the same time by 3 dB.
NLEB-ST-CU-014,test,state,cumulative,feasible/state/cumulative/test/NLEB-ST-CU-014.yaml,split_position_without_position_constraint,split_position,,,Split the longest video clip at its midpoint. Then add a blur effect to the first half.
NLEB-ST-CU-015,test,state,cumulative,feasible/state/cumulative/test/NLEB-ST-CU-015.yaml,duration_mention_without_duration_constraint,duration;numeric,preservation,0.85,Find the video clip with the longest duration and add a fade-out effect. Also set its opacity to 0.85.
NLEB-ST-CU-017,test,state,cumulative,feasible/state/cumulative/test/NLEB-ST-CU-017.yaml,duration_mention_without_duration_constraint,duration,preservation,,Remove the last video clip on the timeline. Also unlink the first video and audio pair. Keep the removal.
NLEB-ST-CU-018,test,state,cumulative,feasible/state/cumulative/test/NLEB-ST-CU-018.yaml,duration_mention_without_duration_constraint,duration;numeric,preservation,0.6,Set the opacity of the video clip that starts last on V1 to 0.6. Also mute the audio clip that overlaps with it.
NLEB-ST-CU-020,test,state,cumulative,feasible/state/cumulative/test/NLEB-ST-CU-020.yaml,spatial_position_without_position_constraint,caption_or_title;numeric;spatial_position,,1.25x,Speed up the longest video clip to 1.25x. Now mute the audio that plays while it plays. Then add a caption 'Highlight' at the timeline position where it starts.
NLEB-ST-CU-023,test,state,cumulative,feasible/state/cumulative/test/NLEB-ST-CU-023.yaml,duration_mention_without_duration_constraint,duration;numeric,preservation,-10 dB,Mute the audio clip with the longest duration. Then reduce the volume of the second-longest audio clip to -10 dB.
NLEB-ST-CU-026,test,state,cumulative,feasible/state/cumulative/test/NLEB-ST-CU-026.yaml,duration_mention_without_duration_constraint,duration;numeric,preservation,-3 dB;1;5,Longest audio: -3 dB. First audio on track 1: add a fade-in effect. Last video on V1: rotate 5 degrees. Keep earlier changes.
NLEB-ST-CU-031,test,state,cumulative,feasible/state/cumulative/test/NLEB-ST-CU-031.yaml,duration_mention_without_duration_constraint,duration;numeric,,2 seconds,Set the first transition's duration to 2 seconds. Now remove it and add a fade-out effect to the clip before it instead. Keep any prior state.
NLEB-ST-CU-035,test,state,cumulative,feasible/state/cumulative/test/NLEB-ST-CU-035.yaml,duration_mention_without_duration_constraint,duration;numeric,preservation,1;0.85;0 dB;5,"On timeline 1, find the video clip with the longest duration and scale it to 0.85. Now set the quietest audio clip's volume to 0 dB. Rotate the scaled clip by 5 degrees. Preserve everything. Finally add a saturation effect to the earliest-starting video clip."
NLEB-ST-CU-039,test,state,cumulative,feasible/state/cumulative/test/NLEB-ST-CU-039.yaml,spatial_position_without_position_constraint,caption_or_title;numeric;spatial_position,preservation,1;0.8,"On timeline 1, find the video clip that starts earliest and reduce its opacity to 0.8. Next, find the video clip that starts latest and mute the audio that plays with it. Now add a caption 'End' at the position of the latest-starting clip. Preserve earlier changes."
NLEB-ST-DE-003,dev,state,dependent,feasible/state/dependent/dev/NLEB-ST-DE-003.yaml,split_position_without_position_constraint,split_position,,,Split the longest clip on V1 at its midpoint. Add a cross-dissolve transition between the two resulting halves.
NLEB-ST-DE-005,dev,state,dependent,feasible/state/dependent/dev/NLEB-ST-DE-005.yaml,time_mention_without_time_constraint,time,,,"Mute the longest audio clip (the BGM). Raise the volume of the longest V1 clip's audio by 4 dB to compensate, and add a caption 'No BGM' at its start."
NLEB-ST-DE-017,test,state,dependent,feasible/state/dependent/test/NLEB-ST-DE-017.yaml,time_mention_without_time_constraint,time,,,Remove the transition closest to the end of the timeline and add a fade-out effect to the clip before it.
NLEB-ST-DE-022,test,state,dependent,feasible/state/dependent/test/NLEB-ST-DE-022.yaml,split_position_without_position_constraint,caption_or_title;split_position,,,Split the longest V1 clip at its midpoint. Add a caption 'Part 2' over the second half of the split.
NLEB-ST-DE-025,test,state,dependent,feasible/state/dependent/test/NLEB-ST-DE-025.yaml,duration_mention_without_duration_constraint,duration,preservation,,Add a fade-in to the first V1 clip. And a fade-out to the last V1 clip so the sequence has clean bookends.
NLEB-ST-DE-029,test,state,dependent,feasible/state/dependent/test/NLEB-ST-DE-029.yaml,duration_mention_without_duration_constraint,caption_or_title;duration,,,Remove the last video clip on the timeline. Update the caption 'End' to match the new last clip's end time.
NLEB-ST-DE-030,test,state,dependent,feasible/state/dependent/test/NLEB-ST-DE-030.yaml,duration_mention_without_duration_constraint,duration;numeric,time,1,Remove the transition between the intro and second clip on V1. Add a 1-second gap between those clips by shifting the later one forward.
NLEB-ST-DE-031,test,state,dependent,feasible/state/dependent/test/NLEB-ST-DE-031.yaml,duration_mention_without_duration_constraint,duration;numeric,time,1;1.5x;1,"On timeline 1, speed up the middle V1 clip to 1.5x. Then shift the last audio clip on timeline 1 earlier to match the new timing."
NLEB-ST-DE-039,test,state,dependent,feasible/state/dependent/test/NLEB-ST-DE-039.yaml,split_position_without_position_constraint,split_position,,,Split the longest V1 clip at its midpoint. Remove the second half since it has poor footage. Add a fade-out to the remaining first half.
NLEB-ST-DE-040,test,state,dependent,feasible/state/dependent/test/NLEB-ST-DE-040.yaml,duration_mention_without_duration_constraint,duration;numeric,time,1;2x;1;1,"On timeline 1, speed up the middle V1 clip to 2x. Shift the clip after it on timeline 1 earlier to close the gap. Also shift the last audio clip on timeline 1 earlier by the saved time."
