row_id,model,provider,track,timestamp,total_runs,successful_runs,sr,aggregate_csv,included_summary_artifact,included_per_scenario_artifact,source_summary_relpath,source_results_relpath,source_summary_sha256,source_results_sha256,valid_jsonl_rows,redacted_rows_written,redacted_successful_runs,malformed_jsonl_lines,recompute_status,excluded_from_recompute,exclusion_reason,per_call_logs_included,full_tool_args_included,full_agent_responses_included,full_states_included,notes
1,Qwen/QwQ-32B,vllm,canonical,2026-04-20T11:31:30.545971,2400,1305,0.5437,results/main_results.csv,results/run_summaries_redacted.jsonl,results/per_scenario_results_redacted.csv,2026-04-20_01-49-55_Qwen_QwQ-32B/summary.json,2026-04-20_01-49-55_Qwen_QwQ-32B/results.jsonl,aac69db6f6a9e441d9b834b50f0ffd4fa7a504eff6116c4d262d68f62d440bcc,8c5e85e1277291adbebc99813f60d84bdfc275e4755e14adeff0f4545c770ada,2400,2400,1305,0,reconciled,no,,redacted_fields_only,no,no,no,"Rescored from raw results.jsonl under the patched attribute_changed.direction scorer. Source summary hashes point to the original pre-patch harness summaries; full prompts, assistant responses, tool arguments, and states remain omitted."
2,claude-sonnet-4-6,anthropic,canonical,2026-04-24T12:15:37.324290,800,429,0.5363,results/main_results.csv,results/run_summaries_redacted.jsonl,results/per_scenario_results_redacted.csv,2026-04-24_11-56-51_claude-sonnet-4-6/summary.json,2026-04-24_11-56-51_claude-sonnet-4-6/results.jsonl,368fc8f111442bd94b6748dc9cb890fe90b7765e90acf5b07e71c9faadbf2503,3687abda1b29bd87901f32c8236589a865248ff76d0789ef59998184a5e1bf8b,800,800,429,0,reconciled,no,,redacted_fields_only,no,no,no,"Rescored from raw results.jsonl under the patched attribute_changed.direction scorer. Source summary hashes point to the original pre-patch harness summaries; full prompts, assistant responses, tool arguments, and states remain omitted."
3,Qwen/Qwen3-32B,vllm,canonical,2026-04-20T01:47:31.578632,2400,1257,0.5238,results/main_results.csv,results/run_summaries_redacted.jsonl,results/per_scenario_results_redacted.csv,2026-04-19_17-22-05_Qwen_Qwen3-32B/summary.json,2026-04-19_17-22-05_Qwen_Qwen3-32B/results.jsonl,c032f033a2dec5067458de752338df14366a0f1273a44ff3459b609f482e9f77,7c4ee0a9443f9faeb9536cbff917fd95049d97efad2e069e7565287fe9d81faf,2400,2400,1257,0,reconciled,no,,redacted_fields_only,no,no,no,"Rescored from raw results.jsonl under the patched attribute_changed.direction scorer. Source summary hashes point to the original pre-patch harness summaries; full prompts, assistant responses, tool arguments, and states remain omitted."
4,gemini-3-flash-preview,google,canonical,2026-04-24T13:00:33.552736,800,415,0.5188,results/main_results.csv,results/run_summaries_redacted.jsonl,results/per_scenario_results_redacted.csv,2026-04-24_12-01-37_gemini-3-flash-preview/summary.json,2026-04-24_12-01-37_gemini-3-flash-preview/results.jsonl,cf53129adacf2560a67e0954c5bf0a513ac49a84be4ede8c368eaeb3f103d429,6bbd13d67680b9d694fa10c0cf8c45a0d2f2e9d4ddac4914d8f8fe1bf7fc314c,800,800,415,0,reconciled,no,,redacted_fields_only,no,no,no,"Rescored from raw results.jsonl under the patched attribute_changed.direction scorer. Source summary hashes point to the original pre-patch harness summaries; full prompts, assistant responses, tool arguments, and states remain omitted."
5,Qwen/Qwen3-8B,vllm,canonical,2026-04-19T04:06:29.959431,2400,1192,0.4967,results/main_results.csv,results/run_summaries_redacted.jsonl,results/per_scenario_results_redacted.csv,2026-04-19_02-59-27_Qwen_Qwen3-8B/summary.json,2026-04-19_02-59-27_Qwen_Qwen3-8B/results.jsonl,9a2e26231006de26c3029f8923b351230cc53771cf5263598a69c03d03170d27,6cbeeb4bd7ae7575c82d549e482c54a35c798afdc51783cdb6f5ab47567454d6,2400,2400,1192,0,reconciled,no,,redacted_fields_only,no,no,no,"Rescored from raw results.jsonl under the patched attribute_changed.direction scorer. Source summary hashes point to the original pre-patch harness summaries; full prompts, assistant responses, tool arguments, and states remain omitted."
6,Qwen/Qwen3-4B,vllm,canonical,2026-04-19T00:55:12.303078,2400,1174,0.4892,results/main_results.csv,results/run_summaries_redacted.jsonl,results/per_scenario_results_redacted.csv,2026-04-18_23-57-12_Qwen_Qwen3-4B/summary.json,2026-04-18_23-57-12_Qwen_Qwen3-4B/results.jsonl,b486e164a4eedcb61d71152e64ba2a826ae3d2584934ec25cb4a3f6d04ce0fb7,8c500923b66325be8ec4ecf40b5e07233e1acfba0298726d4cf46c0c9cb02da8,2400,2400,1174,0,reconciled,no,,redacted_fields_only,no,no,no,"Rescored from raw results.jsonl under the patched attribute_changed.direction scorer. Source summary hashes point to the original pre-patch harness summaries; full prompts, assistant responses, tool arguments, and states remain omitted."
7,Qwen/Qwen3.5-27B,vllm,canonical,2026-04-19T14:58:53.648583,2400,1160,0.4833,results/main_results.csv,results/run_summaries_redacted.jsonl,results/per_scenario_results_redacted.csv,2026-04-19_10-56-38_Qwen_Qwen3.5-27B/summary.json,2026-04-19_10-56-38_Qwen_Qwen3.5-27B/results.jsonl,29c45a19cb651300d95f743d7dc51d139c74a3d70b4df804217d66ed24976e91,dc577e5be184c8fc31568ca2847140b4ec28fc731417f53c1fa20ee46a3cdb80,2400,2400,1160,0,reconciled,no,,redacted_fields_only,no,no,no,"Rescored from raw results.jsonl under the patched attribute_changed.direction scorer. Source summary hashes point to the original pre-patch harness summaries; full prompts, assistant responses, tool arguments, and states remain omitted."
8,Qwen/Qwen3.5-9B,vllm,canonical,2026-04-19T06:08:26.946659,2400,1127,0.4696,results/main_results.csv,results/run_summaries_redacted.jsonl,results/per_scenario_results_redacted.csv,2026-04-19_05-32-54_Qwen_Qwen3.5-9B/summary.json,2026-04-19_05-32-54_Qwen_Qwen3.5-9B/results.jsonl,37bab9ab7943b106a27016a6467f82d4cb0f759fac529b63ba9f9ddddb6c23db,b31689360f8a640fd69b0c6972383966d5d871ed2d7de0760489115c46c72534,2400,2400,1127,0,reconciled,no,,redacted_fields_only,no,no,no,"Rescored from raw results.jsonl under the patched attribute_changed.direction scorer. Source summary hashes point to the original pre-patch harness summaries; full prompts, assistant responses, tool arguments, and states remain omitted."
9,Qwen/Qwen2.5-32B-Instruct,vllm,canonical,2026-04-19T17:19:29.654137,2400,1103,0.4596,results/main_results.csv,results/run_summaries_redacted.jsonl,results/per_scenario_results_redacted.csv,2026-04-19_15-57-14_Qwen_Qwen2.5-32B-Instruct/summary.json,2026-04-19_15-57-14_Qwen_Qwen2.5-32B-Instruct/results.jsonl,1bdbcbf5f0a2201cd64398132fde3cc01098784742e2bfa3abd7716708792412,83727a618568527abe278b72d8998fabe82b9b81b918ee649cba6a18da74e69a,2400,2400,1103,0,reconciled,no,,redacted_fields_only,no,no,no,"Rescored from raw results.jsonl under the patched attribute_changed.direction scorer. Source summary hashes point to the original pre-patch harness summaries; full prompts, assistant responses, tool arguments, and states remain omitted."
10,deepseek-ai/DeepSeek-R1-Distill-Qwen-32B,vllm,canonical,2026-04-20T16:18:08.236329,2400,1094,0.4558,results/main_results.csv,results/run_summaries_redacted.jsonl,results/per_scenario_results_redacted.csv,2026-04-20_11-33-53_deepseek-ai_DeepSeek-R1-Distill-Qwen-32B/summary.json,2026-04-20_11-33-53_deepseek-ai_DeepSeek-R1-Distill-Qwen-32B/results.jsonl,cf55fb769543e4a605b59ed06dbdcbab0317f1c3aa0f175de1900ddda9ff976d,3f73fed7e29935b954b6cbf66cee5aca75c68cfa33203a38bdd49a5d70c1dcfe,2400,2400,1094,0,reconciled,no,,redacted_fields_only,no,no,no,"Rescored from raw results.jsonl under the patched attribute_changed.direction scorer. Source summary hashes point to the original pre-patch harness summaries; full prompts, assistant responses, tool arguments, and states remain omitted."
11,claude-haiku-4-5,anthropic,canonical,2026-04-24T12:09:10.439561,800,359,0.4487,results/main_results.csv,results/run_summaries_redacted.jsonl,results/per_scenario_results_redacted.csv,2026-04-24_11-56-51_claude-haiku-4-5/summary.json,2026-04-24_11-56-51_claude-haiku-4-5/results.jsonl,c5a1094681ec38aac35ce0341c60bcd32b1cfe737f848806fb4c6750f9f867f9,e58396ba786a4ba84f0d9c8538a6ded0e8135c7c2d7cfc4ce5f9b269e61a8229,800,800,359,0,reconciled,no,,redacted_fields_only,no,no,no,"Rescored from raw results.jsonl under the patched attribute_changed.direction scorer. Source summary hashes point to the original pre-patch harness summaries; full prompts, assistant responses, tool arguments, and states remain omitted."
12,deepseek-ai/DeepSeek-R1-Distill-Qwen-14B,vllm,canonical,2026-04-19T09:22:56.354909,2400,1068,0.445,results/main_results.csv,results/run_summaries_redacted.jsonl,results/per_scenario_results_redacted.csv,2026-04-19_08-12-08_deepseek-ai_DeepSeek-R1-Distill-Qwen-14B/summary.json,2026-04-19_08-12-08_deepseek-ai_DeepSeek-R1-Distill-Qwen-14B/results.jsonl,19574c3657ab5d118c767c898eb4734e95b3e77b655bbf1def42c4134e97b45d,ba75e7238701b670e99fc38a7e4c6a53c19e7b4a934096dc67ab8c3e4a2c2643,2400,2400,1068,0,reconciled,no,,redacted_fields_only,no,no,no,"Rescored from raw results.jsonl under the patched attribute_changed.direction scorer. Source summary hashes point to the original pre-patch harness summaries; full prompts, assistant responses, tool arguments, and states remain omitted."
13,Qwen/Qwen3.5-35B-A3B,vllm,canonical,2026-04-20T19:52:59.774820,2400,1044,0.435,results/main_results.csv,results/run_summaries_redacted.jsonl,results/per_scenario_results_redacted.csv,2026-04-20_18-34-00_Qwen_Qwen3.5-35B-A3B/summary.json,2026-04-20_18-34-00_Qwen_Qwen3.5-35B-A3B/results.jsonl,84570e446800dfc598b60cbf18c3c712ef2ef2b917b82257a80ab9501eed1ba0,aa7e2a2b4cbd001e9784098fd9642f3986d08967f0754cb1840767aefbdf618d,2400,2400,1044,0,reconciled,no,,redacted_fields_only,no,no,no,"Rescored from raw results.jsonl under the patched attribute_changed.direction scorer. Source summary hashes point to the original pre-patch harness summaries; full prompts, assistant responses, tool arguments, and states remain omitted."
14,microsoft/Phi-4,vllm,canonical,2026-04-19T08:10:06.204736,2400,1020,0.425,results/main_results.csv,results/run_summaries_redacted.jsonl,results/per_scenario_results_redacted.csv,2026-04-19_07-36-22_microsoft_Phi-4/summary.json,2026-04-19_07-36-22_microsoft_Phi-4/results.jsonl,74249167f9c42d656afd96d7a53d957ac4440414ebbb6ac29dcc02d40dee95f9,39f561f2a16d1f01383f224e54977ff6d5fc41b882de82605bd4d920e1ba42df,2400,2400,1020,0,reconciled,no,,redacted_fields_only,no,no,no,"Rescored from raw results.jsonl under the patched attribute_changed.direction scorer. Source summary hashes point to the original pre-patch harness summaries; full prompts, assistant responses, tool arguments, and states remain omitted."
15,Qwen/Qwen3.5-4B,vllm,canonical,2026-04-19T01:22:18.650107,2400,990,0.4125,results/main_results.csv,results/run_summaries_redacted.jsonl,results/per_scenario_results_redacted.csv,2026-04-19_00-58-56_Qwen_Qwen3.5-4B/summary.json,2026-04-19_00-58-56_Qwen_Qwen3.5-4B/results.jsonl,9276bac0861d5b1fb4753434326a06a9d107c90acdcb8ff5165a0a8ec30423c3,81722c6015dde556039e7ea36373067fe090b19311e1a19d66bb6a526d4f8adb,2400,2400,990,0,reconciled,no,,redacted_fields_only,no,no,no,"Rescored from raw results.jsonl under the patched attribute_changed.direction scorer. Source summary hashes point to the original pre-patch harness summaries; full prompts, assistant responses, tool arguments, and states remain omitted."
16,Qwen/Qwen2.5-14B-Instruct,vllm,canonical,2026-04-19T07:34:11.971098,2400,970,0.4042,results/main_results.csv,results/run_summaries_redacted.jsonl,results/per_scenario_results_redacted.csv,2026-04-19_07-15-33_Qwen_Qwen2.5-14B-Instruct/summary.json,2026-04-19_07-15-33_Qwen_Qwen2.5-14B-Instruct/results.jsonl,5befabf8354c97e3b09aacce06b80e959b9cc2d1bd5696c2250d92156643183e,d372f73886be3ecafa7ab98708771baaeebcaf2cc1c8318ed851a583e93724b7,2400,2400,970,0,reconciled,no,,redacted_fields_only,no,no,no,"Rescored from raw results.jsonl under the patched attribute_changed.direction scorer. Source summary hashes point to the original pre-patch harness summaries; full prompts, assistant responses, tool arguments, and states remain omitted."
17,gpt-5.4-mini,openai,canonical,2026-04-25T21:03:03.993903,800,325,0.4062,results/main_results.csv,results/run_summaries_redacted.jsonl,results/per_scenario_results_redacted.csv,2026-04-25_20-48-35_gpt-5.4-mini/summary.json,2026-04-25_20-48-35_gpt-5.4-mini/results.jsonl,a2c91786b3bd6fc29b771fe31309b409942fb626568296c0f4c41d14ea238ceb,e6bb74c2a3e8c1cdffa1da90fc79ff8d5ddadb45db62ca639b9de3e53f3596d0,800,800,325,0,reconciled,no,,redacted_fields_only,no,no,no,"Rescored from raw results.jsonl under the patched attribute_changed.direction scorer. Source summary hashes point to the original pre-patch harness summaries; full prompts, assistant responses, tool arguments, and states remain omitted."
18,google/gemma-4-31B-it,vllm,canonical,2026-04-19T15:54:50.744286,2400,979,0.4079,results/main_results.csv,results/run_summaries_redacted.jsonl,results/per_scenario_results_redacted.csv,2026-04-19_15-01-48_google_gemma-4-31B-it/summary.json,2026-04-19_15-01-48_google_gemma-4-31B-it/results.jsonl,98fa3161aff48f40def68ad8f6f3965e1dd27aaf440b3b891f94cbfc86c8754d,34759c9f0af92e2ddd70064c1e71443d1a105b97dd5ae688fdecac8d5b12775d,2400,2400,979,0,reconciled,no,,redacted_fields_only,no,no,no,"Rescored from raw results.jsonl under the patched attribute_changed.direction scorer. Source summary hashes point to the original pre-patch harness summaries; full prompts, assistant responses, tool arguments, and states remain omitted."
19,gpt-5.4,openai,canonical,2026-04-25T20:48:26.386958,800,323,0.4037,results/main_results.csv,results/run_summaries_redacted.jsonl,results/per_scenario_results_redacted.csv,2026-04-25_20-24-10_gpt-5.4/summary.json,2026-04-25_20-24-10_gpt-5.4/results.jsonl,e59dc9e7b4921448a8f21d9bb9edfc569aadd28937f15f653df687915d493ccc,e4df211a48fd8a17ea9e0d06f9c741b16d4acdc47f727ea2a3d2df8dbff4f608,800,800,323,0,reconciled,no,,redacted_fields_only,no,no,no,"Rescored from raw results.jsonl under the patched attribute_changed.direction scorer. Source summary hashes point to the original pre-patch harness summaries; full prompts, assistant responses, tool arguments, and states remain omitted."
20,gemini-2.5-flash,google,canonical,2026-04-25T07:40:32.643956,800,319,0.3987,results/main_results.csv,results/run_summaries_redacted.jsonl,results/per_scenario_results_redacted.csv,2026-04-25_07-33-29_gemini-2.5-flash/summary.json,2026-04-25_07-33-29_gemini-2.5-flash/results.jsonl,6e49c1efaee615260772dcfc1c7ffb7dc9b5be8b4162ec585b33bce82947bd82,87f7d1441fba12d6fbf07d50c37903cea8caccf5dbafc606ce71844ef71bc114,800,800,319,0,reconciled,no,,redacted_fields_only,no,no,no,"Rescored from raw results.jsonl under the patched attribute_changed.direction scorer. Source summary hashes point to the original pre-patch harness summaries; full prompts, assistant responses, tool arguments, and states remain omitted."
21,mistralai/Mistral-Nemo-Instruct-2407,vllm,canonical,2026-04-19T06:58:28.480951,2400,859,0.3579,results/main_results.csv,results/run_summaries_redacted.jsonl,results/per_scenario_results_redacted.csv,2026-04-19_06-41-54_mistralai_Mistral-Nemo-Instruct-2407/summary.json,2026-04-19_06-41-54_mistralai_Mistral-Nemo-Instruct-2407/results.jsonl,6236799f140328be4d3944455f352f95a227ec9c913d98901e6757d941e73402,97687f21577ac125d5956dfad3866b36f58dca8c76f3e7d9604e4021793ce205,2400,2400,859,0,reconciled,no,,redacted_fields_only,no,no,no,"Rescored from raw results.jsonl under the patched attribute_changed.direction scorer. Source summary hashes point to the original pre-patch harness summaries; full prompts, assistant responses, tool arguments, and states remain omitted."
22,Qwen/Qwen3.5-2B,vllm,canonical,2026-04-24T09:06:49.202287,2400,818,0.3408,results/main_results.csv,results/run_summaries_redacted.jsonl,results/per_scenario_results_redacted.csv,2026-04-24_08-56-46_Qwen_Qwen3.5-2B/summary.json,2026-04-24_08-56-46_Qwen_Qwen3.5-2B/results.jsonl,639a80f0c58b7cb76e488cc0ef6ed74ed261a0ae1c9267513627ef21e5244b4a,817d6caf50491ad46fe8661c17abcb720ad358632a689d2775221a175db2fffb,2400,2400,818,0,reconciled,no,,redacted_fields_only,no,no,no,"Rescored from raw results.jsonl under the patched attribute_changed.direction scorer. Source summary hashes point to the original pre-patch harness summaries; full prompts, assistant responses, tool arguments, and states remain omitted."
23,Qwen/Qwen2.5-7B-Instruct,vllm,canonical,2026-04-19T01:53:32.504718,2400,814,0.3392,results/main_results.csv,results/run_summaries_redacted.jsonl,results/per_scenario_results_redacted.csv,2026-04-19_01-47-51_Qwen_Qwen2.5-7B-Instruct/summary.json,2026-04-19_01-47-51_Qwen_Qwen2.5-7B-Instruct/results.jsonl,f6a97356b24b29f6f5a26e8405b5a01738ebc04b2452c305c615fe4c16824ca6,279d7ba73d20a53ce93ab3bb2ee7a9b53ce596e51c0aadcf21f5095bb10b9f7f,2400,2400,814,0,reconciled,no,,redacted_fields_only,no,no,no,"Rescored from raw results.jsonl under the patched attribute_changed.direction scorer. Source summary hashes point to the original pre-patch harness summaries; full prompts, assistant responses, tool arguments, and states remain omitted."
24,zai-org/GLM-4-32B-0414,vllm,canonical,2026-04-20T17:59:33.448636,2400,814,0.3392,results/main_results.csv,results/run_summaries_redacted.jsonl,results/per_scenario_results_redacted.csv,2026-04-20_16-25-30_zai-org_GLM-4-32B-0414/summary.json,2026-04-20_16-25-30_zai-org_GLM-4-32B-0414/results.jsonl,1bfd1e4d01512bb60c7163364369581f67b15b0b2364b2f5f77e021b381a4a01,5931fdfcd862be3b1005d21eba6142545b53b5fa721dc10895c8cecc2cd952de,2400,2400,814,0,reconciled,no,,redacted_fields_only,no,no,no,"Rescored from raw results.jsonl under the patched attribute_changed.direction scorer. Source summary hashes point to the original pre-patch harness summaries; full prompts, assistant responses, tool arguments, and states remain omitted."
25,tiiuae/Falcon3-10B-Instruct,vllm,canonical,2026-04-19T06:40:02.149470,2400,723,0.3013,results/main_results.csv,results/run_summaries_redacted.jsonl,results/per_scenario_results_redacted.csv,2026-04-19_06-25-24_tiiuae_Falcon3-10B-Instruct/summary.json,2026-04-19_06-25-24_tiiuae_Falcon3-10B-Instruct/results.jsonl,c3457f7e6f5a3ab761e5f3c5360590bf12321bb0ce82421f0f47e3f9bef092fe,029b60ec5fff8696c99d4e9bd1de145c053fa4c6aa2faa3eea8412e13f25c96a,2400,2400,723,0,reconciled,no,,redacted_fields_only,no,no,no,"Rescored from raw results.jsonl under the patched attribute_changed.direction scorer. Source summary hashes point to the original pre-patch harness summaries; full prompts, assistant responses, tool arguments, and states remain omitted."
26,Qwen/Qwen3-1.7B,vllm,canonical,2026-04-18T23:26:25.615745,2400,704,0.2933,results/main_results.csv,results/run_summaries_redacted.jsonl,results/per_scenario_results_redacted.csv,2026-04-18_23-09-59_Qwen_Qwen3-1.7B/summary.json,2026-04-18_23-09-59_Qwen_Qwen3-1.7B/results.jsonl,e36706cbc7b8fbe68a164a48a33a22f15a48d73b31aff5f99f05eb057aa5c494,13b9dd5c5f1097de25084ace5ac7e988660e694f1284a897135c198dbabbb7bf,2400,2400,704,0,reconciled,no,,redacted_fields_only,no,no,no,"Rescored from raw results.jsonl under the patched attribute_changed.direction scorer. Source summary hashes point to the original pre-patch harness summaries; full prompts, assistant responses, tool arguments, and states remain omitted."
27,o4-mini,openai,canonical,2026-04-25T21:24:09.589086,800,220,0.275,results/main_results.csv,results/run_summaries_redacted.jsonl,results/per_scenario_results_redacted.csv,2026-04-25_21-07-17_o4-mini/summary.json,2026-04-25_21-07-17_o4-mini/results.jsonl,7e0e6473bd22972ed00e3c346b9d68501de10396e4ba086449e8c61896689f6a,ff474fe97561244b8ef32bfce708645b6cd5da74c72d4d3b604be19d59d5564d,800,800,220,0,reconciled,no,,redacted_fields_only,no,no,no,"Rescored from raw results.jsonl under the patched attribute_changed.direction scorer. Source summary hashes point to the original pre-patch harness summaries; full prompts, assistant responses, tool arguments, and states remain omitted."
28,allenai/Olmo-3-7B-Instruct,vllm,canonical,2026-04-19T02:57:32.298140,2400,640,0.2667,results/main_results.csv,results/run_summaries_redacted.jsonl,results/per_scenario_results_redacted.csv,2026-04-19_02-44-19_allenai_Olmo-3-7B-Instruct/summary.json,2026-04-19_02-44-19_allenai_Olmo-3-7B-Instruct/results.jsonl,ccb8cbfb3505be92f3d7d46df30917cf4834af6b0a6222b4d01018bf2a929c34,1cc74dde17cd8b483cc26ae224831ae9e0636ef5a6f9fc246694e68b8741710a,2400,2400,640,0,reconciled,no,,redacted_fields_only,no,no,no,"Rescored from raw results.jsonl under the patched attribute_changed.direction scorer. Source summary hashes point to the original pre-patch harness summaries; full prompts, assistant responses, tool arguments, and states remain omitted."
29,openai/gpt-oss-120b,vllm,canonical,2026-04-25T08:13:21.624034,2400,648,0.27,results/main_results.csv,results/run_summaries_redacted.jsonl,results/per_scenario_results_redacted.csv,2026-04-25_07-45-06_openai_gpt-oss-120b/summary.json,2026-04-25_07-45-06_openai_gpt-oss-120b/results.jsonl,b78608639c6d092a1c82c81c990bb17322093db8e0ff67dd581bd978c7b1bc24,2832b7d3118381fae0d766afb78e03b9d4b1560856f53809feb578a68727548b,2400,2400,648,0,reconciled,no,,redacted_fields_only,no,no,no,"Rescored from raw results.jsonl under the patched attribute_changed.direction scorer. Source summary hashes point to the original pre-patch harness summaries; full prompts, assistant responses, tool arguments, and states remain omitted."
30,tiiuae/Falcon3-7B-Instruct,vllm,canonical,2026-04-19T02:42:06.629422,2400,619,0.2579,results/main_results.csv,results/run_summaries_redacted.jsonl,results/per_scenario_results_redacted.csv,2026-04-19_02-29-57_tiiuae_Falcon3-7B-Instruct/summary.json,2026-04-19_02-29-57_tiiuae_Falcon3-7B-Instruct/results.jsonl,80b1ffdba639eac9102155f02c686d8088a9148fcccc4f10b24c5aee167bc5d2,b3254e6fdc0a47af3cafc67a3fbf19e9a7003583ed6e9636a48e80d2f2d05e39,2400,2400,619,0,reconciled,no,,redacted_fields_only,no,no,no,"Rescored from raw results.jsonl under the patched attribute_changed.direction scorer. Source summary hashes point to the original pre-patch harness summaries; full prompts, assistant responses, tool arguments, and states remain omitted."
31,google/gemma-4-E2B-it,vllm,canonical,2026-04-18T23:41:31.851167,2400,610,0.2542,results/main_results.csv,results/run_summaries_redacted.jsonl,results/per_scenario_results_redacted.csv,2026-04-18_23-39-33_google_gemma-4-E2B-it/summary.json,2026-04-18_23-39-33_google_gemma-4-E2B-it/results.jsonl,9137fbeb394d9fba17cbab9211064de3682e802211041892a21a1fbf45360272,921a63f65f795b883a1f139a48821cae5b461e6ff4a9c177b9ad5a73f4f846db,2400,2400,610,0,reconciled,no,,redacted_fields_only,no,no,no,"Rescored from raw results.jsonl under the patched attribute_changed.direction scorer. Source summary hashes point to the original pre-patch harness summaries; full prompts, assistant responses, tool arguments, and states remain omitted."
32,o3-mini,openai,canonical,2026-04-20T21:39:59.432399,800,207,0.2587,results/main_results.csv,results/run_summaries_redacted.jsonl,results/per_scenario_results_redacted.csv,2026-04-20_21-29-11_o3-mini/summary.json,2026-04-20_21-29-11_o3-mini/results.jsonl,265307e506a32171258e1c51033e411b3be78f546d2e95f2d6136177f1f3bc4d,de70d567bc1eb568097eee35c8599a4efc6c10959a553599018dbb86b5f35372,800,800,207,0,reconciled,no,,redacted_fields_only,no,no,no,"Rescored from raw results.jsonl under the patched attribute_changed.direction scorer. Source summary hashes point to the original pre-patch harness summaries; full prompts, assistant responses, tool arguments, and states remain omitted."
33,microsoft/Phi-4-mini-instruct,vllm,canonical,2026-04-19T01:37:48.544373,2400,617,0.2571,results/main_results.csv,results/run_summaries_redacted.jsonl,results/per_scenario_results_redacted.csv,2026-04-19_01-23-50_microsoft_Phi-4-mini-instruct/summary.json,2026-04-19_01-23-50_microsoft_Phi-4-mini-instruct/results.jsonl,a28711e7af532368f73e8a09b0bafe69f391ee5df374f28dbf3b5a5a02dda61d,de3c0ccbf695f9f00d578f90a81020d2f489659203b78229fd50d9d48066d658,2400,2400,617,0,reconciled,no,,redacted_fields_only,no,no,no,"Rescored from raw results.jsonl under the patched attribute_changed.direction scorer. Source summary hashes point to the original pre-patch harness summaries; full prompts, assistant responses, tool arguments, and states remain omitted."
34,openai/gpt-oss-20b,vllm,canonical,2026-04-24T11:26:45.297349,2400,607,0.2529,results/main_results.csv,results/run_summaries_redacted.jsonl,results/per_scenario_results_redacted.csv,2026-04-24_11-11-57_openai_gpt-oss-20b/summary.json,2026-04-24_11-11-57_openai_gpt-oss-20b/results.jsonl,a50f1e63f426964063e3912d3a6df7a7f7a41dd77c927eb035d1f7b35469d90a,09a699a34d7a46d15a7c1787dc77ed500f5f18231bf9fefd67ddc9b317626533,2400,2400,607,0,reconciled,no,,redacted_fields_only,no,no,no,"Rescored from raw results.jsonl under the patched attribute_changed.direction scorer. Source summary hashes point to the original pre-patch harness summaries; full prompts, assistant responses, tool arguments, and states remain omitted."
35,google/gemma-4-E4B-it,vllm,canonical,2026-04-19T01:45:57.147345,2400,602,0.2508,results/main_results.csv,results/run_summaries_redacted.jsonl,results/per_scenario_results_redacted.csv,2026-04-19_01-41-03_google_gemma-4-E4B-it/summary.json,2026-04-19_01-41-03_google_gemma-4-E4B-it/results.jsonl,dd79f9a1f9a088d172411a0c0d55a1f04d1c63a31483b9b8c8417cbe7c18fa05,150d4cf67dc8710241f2750fa99b1424b1d05b7353960dc728379205c352f317,2400,2400,602,0,reconciled,no,,redacted_fields_only,no,no,no,"Rescored from raw results.jsonl under the patched attribute_changed.direction scorer. Source summary hashes point to the original pre-patch harness summaries; full prompts, assistant responses, tool arguments, and states remain omitted."
36,internlm/internlm3-8b-instruct,vllm,canonical,2026-04-19T05:29:09.192061,2400,536,0.2233,results/main_results.csv,results/run_summaries_redacted.jsonl,results/per_scenario_results_redacted.csv,2026-04-19_05-04-29_internlm_internlm3-8b-instruct/summary.json,2026-04-19_05-04-29_internlm_internlm3-8b-instruct/results.jsonl,a5a3f19169456d30042b00e0aa6390b54969c31bc1b8ce740741361eda2bbc8b,8727f0b33681619d4af88b321901ce449fb00dca0bb4952bd180c93c19076ee7,2400,2400,536,0,reconciled,no,,redacted_fields_only,no,no,no,"Rescored from raw results.jsonl under the patched attribute_changed.direction scorer. Source summary hashes point to the original pre-patch harness summaries; full prompts, assistant responses, tool arguments, and states remain omitted."
37,openbmb/MiniCPM4-8B,vllm,canonical,2026-04-19T05:02:35.678679,2400,515,0.2146,results/main_results.csv,results/run_summaries_redacted.jsonl,results/per_scenario_results_redacted.csv,2026-04-19_04-56-15_openbmb_MiniCPM4-8B/summary.json,2026-04-19_04-56-15_openbmb_MiniCPM4-8B/results.jsonl,a81aa98bc19e1be53e5a7a69a7751f1956364da77b2cdf2c49fb8f19c21b6399,f01c0d532e6fdabbf51d4caa7d5651f3f38e781ad491cf310a2207541578963b,2400,2400,515,0,reconciled,no,,redacted_fields_only,no,no,no,"Rescored from raw results.jsonl under the patched attribute_changed.direction scorer. Source summary hashes point to the original pre-patch harness summaries; full prompts, assistant responses, tool arguments, and states remain omitted."
38,claude-sonnet-4-6,anthropic,open,2026-04-20T22:20:16.135477,800,315,0.3937,results/main_results.csv,results/run_summaries_redacted.jsonl,results/per_scenario_results_redacted.csv,2026-04-20_21-28-25_claude-sonnet-4-6/summary.json,2026-04-20_21-28-25_claude-sonnet-4-6/results.jsonl,be52f5d61f980e2ec86e7387b88dc92797a3e9244a25fb4f7aa81c4b12819b1e,1bf45df46c167ade8bd97250fd54dc1d5b4a13600172e044bfbcf7a2675282fb,800,800,315,0,reconciled,no,,redacted_fields_only,no,no,no,"Rescored from raw results.jsonl under the patched attribute_changed.direction scorer. Source summary hashes point to the original pre-patch harness summaries; full prompts, assistant responses, tool arguments, and states remain omitted."
39,meta-llama/Llama-3.1-8B-Instruct,vllm,canonical,2026-04-19T04:54:23.208894,2400,510,0.2125,results/main_results.csv,results/run_summaries_redacted.jsonl,results/per_scenario_results_redacted.csv,2026-04-19_04-39-30_meta-llama_Llama-3.1-8B-Instruct/summary.json,2026-04-19_04-39-30_meta-llama_Llama-3.1-8B-Instruct/results.jsonl,5ebd43ddb7d0fe53efb8d64ade0df835b0deef12fc9badc05dee0f096a8196ac,9819f8307999dc90bc5028832d0849f2a709150b518e3be6799b18f791a0e3b2,2400,2400,510,0,reconciled,no,,redacted_fields_only,no,no,no,"Rescored from raw results.jsonl under the patched attribute_changed.direction scorer. Source summary hashes point to the original pre-patch harness summaries; full prompts, assistant responses, tool arguments, and states remain omitted."
40,gpt-5.4,openai,open,2026-04-20T21:29:02.610984,800,305,0.3812,results/main_results.csv,results/run_summaries_redacted.jsonl,results/per_scenario_results_redacted.csv,2026-04-20_20-51-10_gpt-5.4/summary.json,2026-04-20_20-51-10_gpt-5.4/results.jsonl,9a2a3849085bdbe97349fb92b842c70432dad82057251f977a6a7249c6d2165d,789bddff75df51ec4470313a35f7bbd421e8712f92ce3d88040a83c7dd2ee13b,800,800,305,0,reconciled,no,,redacted_fields_only,no,no,no,"Rescored from raw results.jsonl under the patched attribute_changed.direction scorer. Source summary hashes point to the original pre-patch harness summaries; full prompts, assistant responses, tool arguments, and states remain omitted."
41,google/gemma-4-26B-A4B-it,vllm,canonical,2026-04-19T10:37:20.878868,2400,468,0.195,results/main_results.csv,results/run_summaries_redacted.jsonl,results/per_scenario_results_redacted.csv,2026-04-19_10-21-49_google_gemma-4-26B-A4B-it/summary.json,2026-04-19_10-21-49_google_gemma-4-26B-A4B-it/results.jsonl,cd842b62d9642854b1da9609ae2f5b6df49e8d9f70850602e06f1057e1532099,7844e19dc1608f2abef7e8daef46d44787c23be43e6a8c8999c21a0252c84262,2400,2400,468,0,reconciled,no,,redacted_fields_only,no,no,no,"Rescored from raw results.jsonl under the patched attribute_changed.direction scorer. Source summary hashes point to the original pre-patch harness summaries; full prompts, assistant responses, tool arguments, and states remain omitted."
42,Qwen/Qwen3-0.6B,vllm,canonical,2026-04-18T22:20:34.765317,2400,450,0.1875,results/main_results.csv,results/run_summaries_redacted.jsonl,results/per_scenario_results_redacted.csv,2026-04-18_22-07-45_Qwen_Qwen3-0.6B/summary.json,2026-04-18_22-07-45_Qwen_Qwen3-0.6B/results.jsonl,afa6a65b747e1adc64f869cc1ac1e54138ebaf3f336c8d932c11b10b7802f30f,a30cbbb23f0b25a3a08cf9ca4a629dfe9edcb5fb27953486d1151b58f07a0965,2400,2400,450,0,reconciled,no,,redacted_fields_only,no,no,no,"Rescored from raw results.jsonl under the patched attribute_changed.direction scorer. Source summary hashes point to the original pre-patch harness summaries; full prompts, assistant responses, tool arguments, and states remain omitted."
43,google/gemma-2-27b-it,vllm,canonical,2026-04-20T22:16:07.317035,2400,461,0.1921,results/main_results.csv,results/run_summaries_redacted.jsonl,results/per_scenario_results_redacted.csv,2026-04-20_21-46-39_google_gemma-2-27b-it/summary.json,2026-04-20_21-46-39_google_gemma-2-27b-it/results.jsonl,0cc4027c15819dc7b78c5e7794820409c1f245246d9e00a8190da6c2f205aa5e,420ac62beb0902b773a787f2be00a27128ee2d6b41f8d430aa1543c7249cc12b,2400,2400,461,0,reconciled,no,,redacted_fields_only,no,no,no,"Rescored from raw results.jsonl under the patched attribute_changed.direction scorer. Source summary hashes point to the original pre-patch harness summaries; full prompts, assistant responses, tool arguments, and states remain omitted."
44,meta-llama/Llama-3.2-3B-Instruct,vllm,canonical,2026-04-18T23:49:05.745383,2400,451,0.1879,results/main_results.csv,results/run_summaries_redacted.jsonl,results/per_scenario_results_redacted.csv,2026-04-18_23-43-16_meta-llama_Llama-3.2-3B-Instruct/summary.json,2026-04-18_23-43-16_meta-llama_Llama-3.2-3B-Instruct/results.jsonl,1b36a1f68be0b538d3f318c60d5244b9fdda74c046381fcbd9a0d02280d908e3,88a976657fdc0b937895ca619f5bfaf375789fd539497dd0d6593ea13404b937,2400,2400,451,0,reconciled,no,,redacted_fields_only,no,no,no,"Rescored from raw results.jsonl under the patched attribute_changed.direction scorer. Source summary hashes point to the original pre-patch harness summaries; full prompts, assistant responses, tool arguments, and states remain omitted."
45,Qwen/Qwen3.5-0.8B,vllm,canonical,2026-04-24T08:52:24.501079,2400,431,0.1796,results/main_results.csv,results/run_summaries_redacted.jsonl,results/per_scenario_results_redacted.csv,2026-04-24_08-43-40_Qwen_Qwen3.5-0.8B/summary.json,2026-04-24_08-43-40_Qwen_Qwen3.5-0.8B/results.jsonl,0a5ee1f3c1b82e9a4cf91aa83e0883f0b63380d51a3b7d0749dad9c05e3289e1,4a613f44bc2705c21824e7c2077454fe7081c594f1c30d36fb015897b7a3d3fd,2400,2400,431,0,reconciled,no,,redacted_fields_only,no,no,no,"Rescored from raw results.jsonl under the patched attribute_changed.direction scorer. Source summary hashes point to the original pre-patch harness summaries; full prompts, assistant responses, tool arguments, and states remain omitted."
46,tiiuae/Falcon3-3B-Instruct,vllm,canonical,2026-04-18T23:55:21.590305,2400,391,0.1629,results/main_results.csv,results/run_summaries_redacted.jsonl,results/per_scenario_results_redacted.csv,2026-04-18_23-50-49_tiiuae_Falcon3-3B-Instruct/summary.json,2026-04-18_23-50-49_tiiuae_Falcon3-3B-Instruct/results.jsonl,3348f6031ac2fb8befa326cfcc42d379e49abe3cc4535139af3293f5ba0eca35,5f9fb6e43437a8c62d256b714fe7d4ee772e35e032ddca0a3c9b2c94808784ad,2400,2400,391,0,reconciled,no,,redacted_fields_only,no,no,no,"Rescored from raw results.jsonl under the patched attribute_changed.direction scorer. Source summary hashes point to the original pre-patch harness summaries; full prompts, assistant responses, tool arguments, and states remain omitted."
47,google/gemma-2-9b-it,vllm,canonical,2026-04-20T21:41:32.767464,2400,360,0.15,results/main_results.csv,results/run_summaries_redacted.jsonl,results/per_scenario_results_redacted.csv,2026-04-20_21-35-58_google_gemma-2-9b-it/summary.json,2026-04-20_21-35-58_google_gemma-2-9b-it/results.jsonl,f42141a13bdcf4063d1e92251888318be04b11791061b771c4206144fc04f1a7,759c8089f517ab14f9c1930affda8b840dedecebbefa83e6a6df9ee0740eed3d,2400,2400,360,0,reconciled,no,,redacted_fields_only,no,no,no,"Rescored from raw results.jsonl under the patched attribute_changed.direction scorer. Source summary hashes point to the original pre-patch harness summaries; full prompts, assistant responses, tool arguments, and states remain omitted."
48,claude-haiku-4-5-20251001,anthropic,canonical,2026-04-20T21:24:19.885260,800,117,0.1462,results/main_results.csv,results/run_summaries_redacted.jsonl,results/per_scenario_results_redacted.csv,2026-04-20_21-20-52_claude-haiku-4-5-20251001/summary.json,2026-04-20_21-20-52_claude-haiku-4-5-20251001/results.jsonl,c23e24977202da40bc57b3caae97f97c52f148f0a2b0458da3dd6dd824b8ce21,569c73a281973d32b3900a330880131eb7e7370a7dd1655367023cc56cb6b0d1,800,800,117,0,reconciled,no,,redacted_fields_only,no,no,no,"Rescored from raw results.jsonl under the patched attribute_changed.direction scorer. Source summary hashes point to the original pre-patch harness summaries; full prompts, assistant responses, tool arguments, and states remain omitted."
49,deepseek-ai/DeepSeek-R1-Distill-Llama-8B,vllm,canonical,2026-04-19T04:37:38.224877,2400,327,0.1363,results/main_results.csv,results/run_summaries_redacted.jsonl,results/per_scenario_results_redacted.csv,2026-04-19_04-08-23_deepseek-ai_DeepSeek-R1-Distill-Llama-8B/summary.json,2026-04-19_04-08-23_deepseek-ai_DeepSeek-R1-Distill-Llama-8B/results.jsonl,5d95994253c98a53b273c276889dfc2148d23669fdd38ff6b5d1070ffc0b9b05,3c9d2aa65268939bf6117a565331315bb4a8fa704ccd27b492c4db498a3bc355,2400,2400,327,0,reconciled,no,,redacted_fields_only,no,no,no,"Rescored from raw results.jsonl under the patched attribute_changed.direction scorer. Source summary hashes point to the original pre-patch harness summaries; full prompts, assistant responses, tool arguments, and states remain omitted."
50,deepseek-ai/DeepSeek-R1-Distill-Qwen-7B,vllm,canonical,2026-04-19T02:28:14.252921,2400,331,0.1379,results/main_results.csv,results/run_summaries_redacted.jsonl,results/per_scenario_results_redacted.csv,2026-04-19_01-55-26_deepseek-ai_DeepSeek-R1-Distill-Qwen-7B/summary.json,2026-04-19_01-55-26_deepseek-ai_DeepSeek-R1-Distill-Qwen-7B/results.jsonl,a68e6f778d761b189cb910339af77f71dc4b476e1fe045927e5370cb255e6585,8eb9dba9af570805d35db0c4d0b0a3210d3c67bfeb8d03fbdf63dab7f5c01696,2400,2400,331,0,reconciled,no,,redacted_fields_only,no,no,no,"Rescored from raw results.jsonl under the patched attribute_changed.direction scorer. Source summary hashes point to the original pre-patch harness summaries; full prompts, assistant responses, tool arguments, and states remain omitted."
51,deepseek-ai/DeepSeek-R1-Distill-Qwen-1.5B,vllm,canonical,2026-04-18T23:08:15.349238,2400,260,0.1083,results/main_results.csv,results/run_summaries_redacted.jsonl,results/per_scenario_results_redacted.csv,2026-04-18_23-00-40_deepseek-ai_DeepSeek-R1-Distill-Qwen-1.5B/summary.json,2026-04-18_23-00-40_deepseek-ai_DeepSeek-R1-Distill-Qwen-1.5B/results.jsonl,b98b1fd296fc85d342f899d8689222a67161c7d469ff40552284f90b935eebc7,7bbf7a10faed901672cfdb9319fb9296d0cb5b4bf687b3739d6d9f6e7079d1cd,2400,2400,260,0,reconciled,no,,redacted_fields_only,no,no,no,"Rescored from raw results.jsonl under the patched attribute_changed.direction scorer. Source summary hashes point to the original pre-patch harness summaries; full prompts, assistant responses, tool arguments, and states remain omitted."
52,mistralai/Mistral-Small-3.2-24B-Instruct-2506,vllm,canonical,2026-04-19T10:19:06.720373,2400,253,0.1054,results/main_results.csv,results/run_summaries_redacted.jsonl,results/per_scenario_results_redacted.csv,2026-04-19_09-56-56_mistralai_Mistral-Small-3.2-24B-Instruct-2506/summary.json,2026-04-19_09-56-56_mistralai_Mistral-Small-3.2-24B-Instruct-2506/results.jsonl,7aa387aeddc77fd6124898e097bee70d3d397304a8da54e8069d6225171f25c7,5b8eacd3b5893d856af4798cc052a5e617e46d9f60651fff2a2eee0f920cfa37,2400,2400,253,0,reconciled,no,,redacted_fields_only,no,no,no,"Rescored from raw results.jsonl under the patched attribute_changed.direction scorer. Source summary hashes point to the original pre-patch harness summaries; full prompts, assistant responses, tool arguments, and states remain omitted."
53,mistralai/Mistral-Small-24B-Instruct-2501,vllm,canonical,2026-04-19T09:54:49.750836,2400,209,0.0871,results/main_results.csv,results/run_summaries_redacted.jsonl,results/per_scenario_results_redacted.csv,2026-04-19_09-25-02_mistralai_Mistral-Small-24B-Instruct-2501/summary.json,2026-04-19_09-25-02_mistralai_Mistral-Small-24B-Instruct-2501/results.jsonl,afb5f1c278b29ba31dc23da8392e125007adc32c08d953f3f5ee2c44c9cb0157,2196f9bb3bb1e60e4fcc2c6154354e839dabccce6d180bced4c1c12db1169f55,2400,2400,209,0,reconciled,no,,redacted_fields_only,no,no,no,"Rescored from raw results.jsonl under the patched attribute_changed.direction scorer. Source summary hashes point to the original pre-patch harness summaries; full prompts, assistant responses, tool arguments, and states remain omitted."
54,meta-llama/Llama-3.2-1B-Instruct,vllm,canonical,2026-04-18T22:43:55.117429,2400,138,0.0575,results/main_results.csv,results/run_summaries_redacted.jsonl,results/per_scenario_results_redacted.csv,2026-04-18_22-29-57_meta-llama_Llama-3.2-1B-Instruct/summary.json,2026-04-18_22-29-57_meta-llama_Llama-3.2-1B-Instruct/results.jsonl,35995bedf579e29f4fc9e16d55499878f30d13e41ca3b02455560d519cf39bee,700a7e18e1b305e0c05eeae4f9ea081f743b375f1470c8fa3f0d62362d8310bf,2400,2400,138,0,reconciled,no,,redacted_fields_only,no,no,no,"Rescored from raw results.jsonl under the patched attribute_changed.direction scorer. Source summary hashes point to the original pre-patch harness summaries; full prompts, assistant responses, tool arguments, and states remain omitted."
55,gemini-3.1-pro-preview,google,canonical,2026-04-24T11:58:59.308395,800,38,0.0475,results/main_results.csv,results/run_summaries_redacted.jsonl,results/per_scenario_results_redacted.csv,2026-04-24_11-56-51_gemini-3.1-pro-preview/summary.json,2026-04-24_11-56-51_gemini-3.1-pro-preview/results.jsonl,6d0364c324a227ed9f7f4fe5fc516fe236ed0dc6ae6b04b8d16f8de42c4194df,25cc05dbddfeb70165346314a82c120482aafd8e0f8fd04ac841ad0ee6bad97c,842,0,,1,excluded_nonrecomputable,yes,"Matched raw results.jsonl is corrupted/inconsistent with the aggregate summary: 842 valid JSON rows + 1 malformed line with 5 successes, while summary/main_results report 800 rows and 38 successes. No clean replacement source was found during Round 6.",redacted_fields_only,no,no,no,"Matched raw results.jsonl is corrupted/inconsistent with the aggregate summary: 842 valid JSON rows + 1 malformed line with 5 successes, while summary/main_results report 800 rows and 38 successes. No clean replacement source was found during Round 6."
56,tiiuae/Falcon3-1B-Instruct,vllm,canonical,2026-04-20T21:33:46.566072,2400,0,0,results/main_results.csv,results/run_summaries_redacted.jsonl,results/per_scenario_results_redacted.csv,2026-04-20_21-32-41_tiiuae_Falcon3-1B-Instruct/summary.json,2026-04-20_21-32-41_tiiuae_Falcon3-1B-Instruct/results.jsonl,0d5b4079b27a19a8a67be56fcf54dc4768a75cf0d509a0429affd31f493b4b1b,8003251feceb2551d6cbeeae2903273c47a0dd5112ba618cd66f1c5574557f24,2400,2400,0,0,reconciled,no,,redacted_fields_only,no,no,no,"Rescored from raw results.jsonl under the patched attribute_changed.direction scorer. Source summary hashes point to the original pre-patch harness summaries; full prompts, assistant responses, tool arguments, and states remain omitted."
57,01-ai/Yi-1.5-34B-Chat,vllm,canonical,2026-04-20T22:19:05.613354,2400,0,0,results/main_results.csv,results/run_summaries_redacted.jsonl,results/per_scenario_results_redacted.csv,2026-04-20_22-18-32_01-ai_Yi-1.5-34B-Chat/summary.json,2026-04-20_22-18-32_01-ai_Yi-1.5-34B-Chat/results.jsonl,3c6f8f9f0ae6a0ce1b2fcc383d9f7623d0c1ef5f3c586d0fffd76f5f44a4b574,de5e9c73d010e0486f4fcc2ef76f29412b93a5806e7f56df3bd518e240705927,2400,2400,0,0,reconciled,no,,redacted_fields_only,no,no,no,"Rescored from raw results.jsonl under the patched attribute_changed.direction scorer. Source summary hashes point to the original pre-patch harness summaries; full prompts, assistant responses, tool arguments, and states remain omitted."
58,allenai/OLMo-2-1124-13B-Instruct,vllm,canonical,2026-04-20T21:44:08.131819,2400,0,0,results/main_results.csv,results/run_summaries_redacted.jsonl,results/per_scenario_results_redacted.csv,2026-04-20_21-43-37_allenai_OLMo-2-1124-13B-Instruct/summary.json,2026-04-20_21-43-37_allenai_OLMo-2-1124-13B-Instruct/results.jsonl,e0c365a85d0fb78f4b731dc781d6a0ab4e499f2263f8162cd71e5aec6d120f39,5fd52934b0f9774609caf96026ef8be09f1ee9d573260293312b2e8ef5767632,2400,2400,0,0,reconciled,no,,redacted_fields_only,no,no,no,"Rescored from raw results.jsonl under the patched attribute_changed.direction scorer. Source summary hashes point to the original pre-patch harness summaries; full prompts, assistant responses, tool arguments, and states remain omitted."
